timestamp,node,metric,value
2026-03-13T07:24:39Z,node-001,peer_count,8.0
2026-03-13T07:24:39Z,node-001,task_count,0.0
2026-03-13T07:24:39Z,node-001,balance,-10.0
2026-03-13T07:24:39Z,node-001,tasks_provided,23.0
2026-03-13T07:24:39Z,node-001,tasks_consumed,8.0
2026-03-13T07:24:39Z,node-001,revenue,7.0
2026-03-13T07:24:39Z,node-001,cost,17.0
2026-03-13T07:24:39Z,node-001,credit_utilization,100.0
2026-03-13T07:24:39Z,node-002,peer_count,16.0
2026-03-13T07:24:39Z,node-002,task_count,1.0
2026-03-13T07:24:39Z,node-002,balance,-17.0
2026-03-13T07:24:39Z,node-002,tasks_provided,50.0
2026-03-13T07:24:39Z,node-002,tasks_consumed,19.0
2026-03-13T07:24:39Z,node-002,revenue,1.0
2026-03-13T07:24:39Z,node-002,cost,28.0
2026-03-13T07:24:39Z,node-002,credit_utilization,95.7
2026-03-13T07:24:39Z,node-003,peer_count,20.0
2026-03-13T07:24:39Z,node-003,task_count,0.0
2026-03-13T07:24:39Z,node-003,balance,-21.0
2026-03-13T07:24:39Z,node-003,tasks_provided,53.0
2026-03-13T07:24:39Z,node-003,tasks_consumed,17.0
2026-03-13T07:24:39Z,node-003,revenue,8.0
2026-03-13T07:24:39Z,node-003,cost,29.0
2026-03-13T07:24:39Z,node-003,credit_utilization,82.6
2026-03-13T07:24:39Z,node-007,peer_count,5.0
2026-03-13T07:24:39Z,node-007,task_count,2.0
2026-03-13T07:24:39Z,node-007,balance,-11.0
2026-03-13T07:24:39Z,node-007,tasks_provided,20.0
2026-03-13T07:24:39Z,node-007,tasks_consumed,5.0
2026-03-13T07:24:39Z,node-007,revenue,2.0
2026-03-13T07:24:39Z,node-007,cost,15.0
2026-03-13T07:24:39Z,node-007,credit_utilization,100.0
2026-03-13T07:24:39Z,node-008,peer_count,6.0
2026-03-13T07:24:39Z,node-008,task_count,0.0
2026-03-13T07:24:39Z,node-008,balance,-16.0
2026-03-13T07:24:39Z,node-008,tasks_provided,41.0
2026-03-13T07:24:39Z,node-008,tasks_consumed,12.0
2026-03-13T07:24:39Z,node-008,revenue,6.0
2026-03-13T07:24:39Z,node-008,cost,22.0
2026-03-13T07:24:39Z,node-008,credit_utilization,100.0
2026-03-13T07:24:39Z,node-009,peer_count,1.0
2026-03-13T07:24:39Z,node-009,task_count,0.0
2026-03-13T07:24:39Z,node-009,balance,-3.0
2026-03-13T07:24:39Z,node-009,tasks_provided,6.0
2026-03-13T07:24:39Z,node-009,tasks_consumed,3.0
2026-03-13T07:24:39Z,node-009,revenue,3.0
2026-03-13T07:24:39Z,node-009,cost,6.0
2026-03-13T07:24:39Z,node-009,credit_utilization,91.3
2026-03-13T07:24:39Z,node-010,peer_count,11.0
2026-03-13T07:24:39Z,node-010,task_count,1.0
2026-03-13T07:24:39Z,node-010,balance,6.0
2026-03-13T07:24:39Z,node-010,tasks_provided,23.0
2026-03-13T07:24:39Z,node-010,tasks_consumed,19.0
2026-03-13T07:24:39Z,node-010,revenue,1.0
2026-03-13T07:24:39Z,node-010,cost,1.0
2026-03-13T07:24:39Z,node-010,credit_utilization,73.9
2026-03-13T07:24:39Z,node-017,peer_count,13.0
2026-03-13T07:24:39Z,node-017,task_count,0.0
2026-03-13T07:24:39Z,node-017,balance,-3.0
2026-03-13T07:24:39Z,node-017,tasks_provided,43.0
2026-03-13T07:24:39Z,node-017,tasks_consumed,20.0
2026-03-13T07:24:39Z,node-017,revenue,10.0
2026-03-13T07:24:39Z,node-017,cost,13.0
2026-03-13T07:24:39Z,node-017,credit_utilization,73.9
2026-03-13T07:24:39Z,node-018,peer_count,16.0
2026-03-13T07:24:39Z,node-018,task_count,1.0
2026-03-13T07:24:39Z,node-018,balance,-8.0
2026-03-13T07:24:39Z,node-018,tasks_provided,35.0
2026-03-13T07:24:39Z,node-018,tasks_consumed,16.0
2026-03-13T07:24:39Z,node-018,revenue,1.0
2026-03-13T07:24:39Z,node-018,cost,16.0
2026-03-13T07:24:39Z,node-018,credit_utilization,82.6
2026-03-13T07:24:39Z,node-019,peer_count,12.0
2026-03-13T07:24:39Z,node-019,task_count,1.0
2026-03-13T07:24:39Z,node-019,balance,-13.0
2026-03-13T07:24:39Z,node-019,tasks_provided,58.0
2026-03-13T07:24:39Z,node-019,tasks_consumed,22.0
2026-03-13T07:24:39Z,node-019,revenue,1.0
2026-03-13T07:24:39Z,node-019,cost,27.0
2026-03-13T07:24:39Z,node-019,credit_utilization,87.0
2026-03-13T07:24:39Z,node-020,peer_count,10.0
2026-03-13T07:24:39Z,node-020,task_count,0.0
2026-03-13T07:24:39Z,node-020,balance,-14.0
2026-03-13T07:24:39Z,node-020,tasks_provided,44.0
2026-03-13T07:24:39Z,node-020,tasks_consumed,18.0
2026-03-13T07:24:39Z,node-020,revenue,9.0
2026-03-13T07:24:39Z,node-020,cost,23.0
2026-03-13T07:24:39Z,node-020,credit_utilization,87.0
2026-03-13T07:24:57Z,node-001,peer_count,8.0
2026-03-13T07:24:57Z,node-001,task_count,0.0
2026-03-13T07:24:57Z,node-001,balance,-10.0
2026-03-13T07:24:57Z,node-001,tasks_provided,23.0
2026-03-13T07:24:57Z,node-001,tasks_consumed,8.0
2026-03-13T07:24:57Z,node-001,revenue,7.0
2026-03-13T07:24:57Z,node-001,cost,17.0
2026-03-13T07:24:57Z,node-001,credit_utilization,100.0
2026-03-13T07:24:57Z,node-002,peer_count,16.0
2026-03-13T07:24:57Z,node-002,task_count,1.0
2026-03-13T07:24:57Z,node-002,balance,-17.0
2026-03-13T07:24:57Z,node-002,tasks_provided,50.0
2026-03-13T07:24:57Z,node-002,tasks_consumed,19.0
2026-03-13T07:24:57Z,node-002,revenue,1.0
2026-03-13T07:24:57Z,node-002,cost,28.0
2026-03-13T07:24:57Z,node-002,credit_utilization,95.7
2026-03-13T07:24:57Z,node-003,peer_count,20.0
2026-03-13T07:24:57Z,node-003,task_count,0.0
2026-03-13T07:24:57Z,node-003,balance,-21.0
2026-03-13T07:24:57Z,node-003,tasks_provided,53.0
2026-03-13T07:24:57Z,node-003,tasks_consumed,17.0
2026-03-13T07:24:57Z,node-003,revenue,8.0
2026-03-13T07:24:57Z,node-003,cost,29.0
2026-03-13T07:24:57Z,node-003,credit_utilization,82.6
2026-03-13T07:24:57Z,node-004,peer_count,0.0
2026-03-13T07:24:57Z,node-004,task_count,0.0
2026-03-13T07:24:57Z,node-004,balance,-6.0
2026-03-13T07:24:57Z,node-004,tasks_provided,30.0
2026-03-13T07:24:57Z,node-004,tasks_consumed,15.0
2026-03-13T07:24:57Z,node-004,revenue,2.0
2026-03-13T07:24:57Z,node-004,cost,18.0
2026-03-13T07:24:57Z,node-004,credit_utilization,100.0
2026-03-13T07:24:57Z,node-005,peer_count,1.0
2026-03-13T07:24:57Z,node-005,task_count,0.0
2026-03-13T07:24:57Z,node-005,balance,-5.0
2026-03-13T07:24:57Z,node-005,tasks_provided,8.0
2026-03-13T07:24:57Z,node-005,tasks_consumed,3.0
2026-03-13T07:24:57Z,node-005,revenue,3.0
2026-03-13T07:24:57Z,node-005,cost,8.0
2026-03-13T07:24:57Z,node-005,credit_utilization,100.0
2026-03-13T07:24:57Z,node-006,peer_count,8.0
2026-03-13T07:24:57Z,node-006,task_count,2.0
2026-03-13T07:24:57Z,node-006,balance,4.0
2026-03-13T07:24:57Z,node-006,tasks_provided,24.0
2026-03-13T07:24:57Z,node-006,tasks_consumed,22.0
2026-03-13T07:24:57Z,node-006,revenue,2.0
2026-03-13T07:24:57Z,node-006,cost,15.0
2026-03-13T07:24:57Z,node-006,credit_utilization,95.7
2026-03-13T07:24:57Z,node-007,peer_count,5.0
2026-03-13T07:24:57Z,node-007,task_count,2.0
2026-03-13T07:24:57Z,node-007,balance,-11.0
2026-03-13T07:24:57Z,node-007,tasks_provided,20.0
2026-03-13T07:24:57Z,node-007,tasks_consumed,5.0
2026-03-13T07:24:57Z,node-007,revenue,2.0
2026-03-13T07:24:57Z,node-007,cost,15.0
2026-03-13T07:24:57Z,node-007,credit_utilization,100.0
2026-03-13T07:24:57Z,node-008,peer_count,6.0
2026-03-13T07:24:57Z,node-008,task_count,0.0
2026-03-13T07:24:57Z,node-008,balance,-16.0
2026-03-13T07:24:57Z,node-008,tasks_provided,41.0
2026-03-13T07:24:57Z,node-008,tasks_consumed,12.0
2026-03-13T07:24:57Z,node-008,revenue,6.0
2026-03-13T07:24:57Z,node-008,cost,22.0
2026-03-13T07:24:57Z,node-008,credit_utilization,100.0
2026-03-13T07:24:57Z,node-009,peer_count,1.0
2026-03-13T07:24:57Z,node-009,task_count,0.0
2026-03-13T07:24:57Z,node-009,balance,-3.0
2026-03-13T07:24:57Z,node-009,tasks_provided,6.0
2026-03-13T07:24:57Z,node-009,tasks_consumed,3.0
2026-03-13T07:24:57Z,node-009,revenue,3.0
2026-03-13T07:24:57Z,node-009,cost,6.0
2026-03-13T07:24:57Z,node-009,credit_utilization,91.3
2026-03-13T07:24:57Z,node-010,peer_count,11.0
2026-03-13T07:24:57Z,node-010,task_count,1.0
2026-03-13T07:24:57Z,node-010,balance,6.0
2026-03-13T07:24:57Z,node-010,tasks_provided,23.0
2026-03-13T07:24:57Z,node-010,tasks_consumed,19.0
2026-03-13T07:24:57Z,node-010,revenue,1.0
2026-03-13T07:24:57Z,node-010,cost,1.0
2026-03-13T07:24:57Z,node-010,credit_utilization,73.9
2026-03-13T07:24:57Z,node-011,peer_count,9.0
2026-03-13T07:24:57Z,node-011,task_count,3.0
2026-03-13T07:24:57Z,node-011,balance,-12.0
2026-03-13T07:24:57Z,node-011,tasks_provided,49.0
2026-03-13T07:24:57Z,node-011,tasks_consumed,20.0
2026-03-13T07:24:57Z,node-011,revenue,3.0
2026-03-13T07:24:57Z,node-011,cost,24.0
2026-03-13T07:24:57Z,node-011,credit_utilization,82.6
2026-03-13T07:24:57Z,node-012,peer_count,16.0
2026-03-13T07:24:57Z,node-012,task_count,1.0
2026-03-13T07:24:57Z,node-012,balance,-7.0
2026-03-13T07:24:57Z,node-012,tasks_provided,48.0
2026-03-13T07:24:57Z,node-012,tasks_consumed,26.0
2026-03-13T07:24:57Z,node-012,revenue,1.0
2026-03-13T07:24:57Z,node-012,cost,22.0
2026-03-13T07:24:57Z,node-012,credit_utilization,87.0
2026-03-13T07:24:57Z,node-013,peer_count,1.0
2026-03-13T07:24:57Z,node-013,task_count,0.0
2026-03-13T07:24:57Z,node-013,balance,-8.0
2026-03-13T07:24:57Z,node-013,tasks_provided,8.0
2026-03-13T07:24:57Z,node-013,tasks_consumed,0.0
2026-03-13T07:24:57Z,node-013,revenue,0.0
2026-03-13T07:24:57Z,node-013,cost,8.0
2026-03-13T07:24:57Z,node-013,credit_utilization,100.0
2026-03-13T07:25:16Z,node-001,peer_count,8.0
2026-03-13T07:25:16Z,node-001,task_count,0.0
2026-03-13T07:25:16Z,node-001,balance,-10.0
2026-03-13T07:25:16Z,node-001,tasks_provided,23.0
2026-03-13T07:25:16Z,node-001,tasks_consumed,8.0
2026-03-13T07:25:16Z,node-001,revenue,7.0
2026-03-13T07:25:16Z,node-001,cost,17.0
2026-03-13T07:25:16Z,node-001,credit_utilization,100.0
2026-03-13T07:25:16Z,node-002,peer_count,16.0
2026-03-13T07:25:16Z,node-002,task_count,0.0
2026-03-13T07:25:16Z,node-002,balance,-17.0
2026-03-13T07:25:16Z,node-002,tasks_provided,50.0
2026-03-13T07:25:16Z,node-002,tasks_consumed,19.0
2026-03-13T07:25:16Z,node-002,revenue,11.0
2026-03-13T07:25:16Z,node-002,cost,28.0
2026-03-13T07:25:16Z,node-002,credit_utilization,95.7
2026-03-13T07:25:16Z,node-003,peer_count,20.0
2026-03-13T07:25:16Z,node-003,task_count,0.0
2026-03-13T07:25:16Z,node-003,balance,-21.0
2026-03-13T07:25:16Z,node-003,tasks_provided,53.0
2026-03-13T07:25:16Z,node-003,tasks_consumed,17.0
2026-03-13T07:25:16Z,node-003,revenue,8.0
2026-03-13T07:25:16Z,node-003,cost,29.0
2026-03-13T07:25:16Z,node-003,credit_utilization,82.6
2026-03-13T07:25:16Z,node-004,peer_count,9.0
2026-03-13T07:25:16Z,node-004,task_count,2.0
2026-03-13T07:25:16Z,node-004,balance,-6.0
2026-03-13T07:25:16Z,node-004,tasks_provided,30.0
2026-03-13T07:25:16Z,node-004,tasks_consumed,15.0
2026-03-13T07:25:16Z,node-004,revenue,2.0
2026-03-13T07:25:16Z,node-004,cost,18.0
2026-03-13T07:25:16Z,node-004,credit_utilization,100.0
2026-03-13T07:25:16Z,node-005,peer_count,1.0
2026-03-13T07:25:16Z,node-005,task_count,0.0
2026-03-13T07:25:16Z,node-005,balance,-5.0
2026-03-13T07:25:16Z,node-005,tasks_provided,8.0
2026-03-13T07:25:16Z,node-005,tasks_consumed,3.0
2026-03-13T07:25:16Z,node-005,revenue,3.0
2026-03-13T07:25:16Z,node-005,cost,8.0
2026-03-13T07:25:16Z,node-005,credit_utilization,100.0
2026-03-13T07:25:16Z,node-006,peer_count,8.0
2026-03-13T07:25:16Z,node-006,task_count,3.0
2026-03-13T07:25:16Z,node-006,balance,3.0
2026-03-13T07:25:16Z,node-006,tasks_provided,25.0
2026-03-13T07:25:16Z,node-006,tasks_consumed,22.0
2026-03-13T07:25:16Z,node-006,revenue,3.0
2026-03-13T07:25:16Z,node-006,cost,16.0
2026-03-13T07:25:16Z,node-006,credit_utilization,100.0
2026-03-13T07:25:16Z,node-007,peer_count,5.0
2026-03-13T07:25:16Z,node-007,task_count,2.0
2026-03-13T07:25:16Z,node-007,balance,-11.0
2026-03-13T07:25:16Z,node-007,tasks_provided,20.0
2026-03-13T07:25:16Z,node-007,tasks_consumed,5.0
2026-03-13T07:25:16Z,node-007,revenue,2.0
2026-03-13T07:25:16Z,node-007,cost,15.0
2026-03-13T07:25:16Z,node-007,credit_utilization,100.0
2026-03-13T07:25:16Z,node-008,peer_count,6.0
2026-03-13T07:25:16Z,node-008,task_count,0.0
2026-03-13T07:25:16Z,node-008,balance,-16.0
2026-03-13T07:25:16Z,node-008,tasks_provided,41.0
2026-03-13T07:25:16Z,node-008,tasks_consumed,12.0
2026-03-13T07:25:16Z,node-008,revenue,6.0
2026-03-13T07:25:16Z,node-008,cost,22.0
2026-03-13T07:25:16Z,node-008,credit_utilization,100.0
2026-03-13T07:25:16Z,node-009,peer_count,1.0
2026-03-13T07:25:16Z,node-009,task_count,0.0
2026-03-13T07:25:16Z,node-009,balance,-3.0
2026-03-13T07:25:16Z,node-009,tasks_provided,6.0
2026-03-13T07:25:16Z,node-009,tasks_consumed,3.0
2026-03-13T07:25:16Z,node-009,revenue,3.0
2026-03-13T07:25:16Z,node-009,cost,6.0
2026-03-13T07:25:16Z,node-009,credit_utilization,91.3
2026-03-13T07:25:16Z,node-010,peer_count,11.0
2026-03-13T07:25:16Z,node-010,task_count,2.0
2026-03-13T07:25:16Z,node-010,balance,5.0
2026-03-13T07:25:16Z,node-010,tasks_provided,24.0
2026-03-13T07:25:16Z,node-010,tasks_consumed,19.0
2026-03-13T07:25:16Z,node-010,revenue,2.0
2026-03-13T07:25:16Z,node-010,cost,1.0
2026-03-13T07:25:16Z,node-010,credit_utilization,73.9
2026-03-13T07:25:16Z,node-011,peer_count,9.0
2026-03-13T07:25:16Z,node-011,task_count,3.0
2026-03-13T07:25:16Z,node-011,balance,-12.0
2026-03-13T07:25:16Z,node-011,tasks_provided,49.0
2026-03-13T07:25:16Z,node-011,tasks_consumed,20.0
2026-03-13T07:25:16Z,node-011,revenue,3.0
2026-03-13T07:25:16Z,node-011,cost,24.0
2026-03-13T07:25:16Z,node-011,credit_utilization,82.6
2026-03-13T07:25:16Z,node-012,peer_count,16.0
2026-03-13T07:25:16Z,node-012,task_count,1.0
2026-03-13T07:25:16Z,node-012,balance,-7.0
2026-03-13T07:25:16Z,node-012,tasks_provided,48.0
2026-03-13T07:25:16Z,node-012,tasks_consumed,26.0
2026-03-13T07:25:16Z,node-012,revenue,1.0
2026-03-13T07:25:16Z,node-012,cost,22.0
2026-03-13T07:25:16Z,node-012,credit_utilization,87.0
2026-03-13T07:25:16Z,node-013,peer_count,1.0
2026-03-13T07:25:16Z,node-013,task_count,0.0
2026-03-13T07:25:16Z,node-013,balance,-8.0
2026-03-13T07:25:16Z,node-013,tasks_provided,8.0
2026-03-13T07:25:16Z,node-013,tasks_consumed,0.0
2026-03-13T07:25:16Z,node-013,revenue,0.0
2026-03-13T07:25:16Z,node-013,cost,8.0
2026-03-13T07:25:16Z,node-013,credit_utilization,100.0
2026-03-13T07:25:16Z,node-014,peer_count,1.0
2026-03-13T07:25:16Z,node-014,task_count,0.0
2026-03-13T07:25:16Z,node-014,balance,-6.0
2026-03-13T07:25:16Z,node-014,tasks_provided,8.0
2026-03-13T07:25:16Z,node-014,tasks_consumed,2.0
2026-03-13T07:25:16Z,node-014,revenue,2.0
2026-03-13T07:25:16Z,node-014,cost,8.0
2026-03-13T07:25:16Z,node-014,credit_utilization,100.0
2026-03-13T07:25:16Z,node-015,peer_count,1.0
2026-03-13T07:25:16Z,node-015,task_count,0.0
2026-03-13T07:25:16Z,node-015,balance,-6.0
2026-03-13T07:25:16Z,node-015,tasks_provided,8.0
2026-03-13T07:25:16Z,node-015,tasks_consumed,2.0
2026-03-13T07:25:16Z,node-015,revenue,2.0
2026-03-13T07:25:16Z,node-015,cost,8.0
2026-03-13T07:25:16Z,node-015,credit_utilization,100.0
2026-03-13T07:25:16Z,node-016,peer_count,5.0
2026-03-13T07:25:16Z,node-016,task_count,1.0
2026-03-13T07:25:16Z,node-016,balance,-7.0
2026-03-13T07:25:16Z,node-016,tasks_provided,21.0
2026-03-13T07:25:16Z,node-016,tasks_consumed,10.0
2026-03-13T07:25:16Z,node-016,revenue,1.0
2026-03-13T07:25:16Z,node-016,cost,16.0
2026-03-13T07:25:16Z,node-016,credit_utilization,100.0
2026-03-13T07:25:16Z,node-017,peer_count,13.0
2026-03-13T07:25:16Z,node-017,task_count,0.0
2026-03-13T07:25:16Z,node-017,balance,-3.0
2026-03-13T07:25:16Z,node-017,tasks_provided,43.0
2026-03-13T07:25:16Z,node-017,tasks_consumed,20.0
2026-03-13T07:25:16Z,node-017,revenue,10.0
2026-03-13T07:25:16Z,node-017,cost,13.0
2026-03-13T07:25:16Z,node-017,credit_utilization,73.9
2026-03-13T07:25:16Z,node-018,peer_count,16.0
2026-03-13T07:25:16Z,node-018,task_count,0.0
2026-03-13T07:25:16Z,node-018,balance,-8.0
2026-03-13T07:25:16Z,node-018,tasks_provided,35.0
2026-03-13T07:25:16Z,node-018,tasks_consumed,16.0
2026-03-13T07:25:16Z,node-018,revenue,8.0
2026-03-13T07:25:16Z,node-018,cost,16.0
2026-03-13T07:25:16Z,node-018,credit_utilization,82.6
2026-03-13T07:25:16Z,node-019,peer_count,12.0
2026-03-13T07:25:16Z,node-019,task_count,0.0
2026-03-13T07:25:16Z,node-019,balance,-13.0
2026-03-13T07:25:16Z,node-019,tasks_provided,58.0
2026-03-13T07:25:16Z,node-019,tasks_consumed,22.0
2026-03-13T07:25:16Z,node-019,revenue,14.0
2026-03-13T07:25:16Z,node-019,cost,27.0
2026-03-13T07:25:16Z,node-019,credit_utilization,87.0
2026-03-13T07:25:16Z,node-020,peer_count,10.0
2026-03-13T07:25:16Z,node-020,task_count,0.0
2026-03-13T07:25:16Z,node-020,balance,-14.0
2026-03-13T07:25:16Z,node-020,tasks_provided,44.0
2026-03-13T07:25:16Z,node-020,tasks_consumed,18.0
2026-03-13T07:25:16Z,node-020,revenue,9.0
2026-03-13T07:25:16Z,node-020,cost,23.0
2026-03-13T07:25:16Z,node-020,credit_utilization,87.0
2026-03-13T07:25:16Z,node-021,peer_count,10.0
2026-03-13T07:25:16Z,node-021,task_count,2.0
2026-03-13T07:25:16Z,node-021,balance,-9.0
2026-03-13T07:25:16Z,node-021,tasks_provided,39.0
2026-03-13T07:25:16Z,node-021,tasks_consumed,19.0
2026-03-13T07:25:16Z,node-021,revenue,2.0
2026-03-13T07:25:16Z,node-021,cost,22.0
2026-03-13T07:25:16Z,node-021,credit_utilization,91.3
2026-03-13T07:25:16Z,node-022,peer_count,1.0
2026-03-13T07:25:16Z,node-022,task_count,0.0
2026-03-13T07:25:16Z,node-022,balance,-8.0
2026-03-13T07:25:16Z,node-022,tasks_provided,8.0
2026-03-13T07:25:16Z,node-022,tasks_consumed,0.0
2026-03-13T07:25:16Z,node-022,revenue,0.0
2026-03-13T07:25:16Z,node-022,cost,8.0
2026-03-13T07:25:16Z,node-022,credit_utilization,100.0
2026-03-13T07:25:16Z,node-023,peer_count,15.0
2026-03-13T07:25:16Z,node-023,task_count,0.0
2026-03-13T07:25:16Z,node-023,balance,-22.0
2026-03-13T07:25:16Z,node-023,tasks_provided,56.0
2026-03-13T07:25:16Z,node-023,tasks_consumed,18.0
2026-03-13T07:25:16Z,node-023,revenue,11.0
2026-03-13T07:25:16Z,node-023,cost,33.0
2026-03-13T07:25:16Z,node-023,credit_utilization,82.6
2026-03-13T07:25:16Z,node-024,peer_count,9.0
2026-03-13T07:25:16Z,node-024,task_count,0.0
2026-03-13T07:25:16Z,node-024,balance,-12.0
2026-03-13T07:25:16Z,node-024,tasks_provided,41.0
2026-03-13T07:25:16Z,node-024,tasks_consumed,16.0
2026-03-13T07:25:16Z,node-024,revenue,9.0
2026-03-13T07:25:16Z,node-024,cost,21.0
2026-03-13T07:25:16Z,node-024,credit_utilization,100.0
2026-03-13T07:25:16Z,node-025,peer_count,13.0
2026-03-13T07:25:16Z,node-025,task_count,2.0
2026-03-13T07:25:16Z,node-025,balance,-16.0
2026-03-13T07:25:16Z,node-025,tasks_provided,62.0
2026-03-13T07:25:16Z,node-025,tasks_consumed,24.0
2026-03-13T07:25:16Z,node-025,revenue,2.0
2026-03-13T07:25:16Z,node-025,cost,30.0
2026-03-13T07:25:16Z,node-025,credit_utilization,78.3
2026-03-13T07:25:16Z,node-026,peer_count,10.0
2026-03-13T07:25:16Z,node-026,task_count,1.0
2026-03-13T07:25:16Z,node-026,balance,-4.0
2026-03-13T07:25:16Z,node-026,tasks_provided,35.0
2026-03-13T07:25:16Z,node-026,tasks_consumed,21.0
2026-03-13T07:25:16Z,node-026,revenue,1.0
2026-03-13T07:25:16Z,node-026,cost,17.0
2026-03-13T07:25:16Z,node-026,credit_utilization,95.7
2026-03-13T07:25:16Z,node-027,peer_count,11.0
2026-03-13T07:25:16Z,node-027,task_count,2.0
2026-03-13T07:25:16Z,node-027,balance,-18.0
2026-03-13T07:25:16Z,node-027,tasks_provided,47.0
2026-03-13T07:25:16Z,node-027,tasks_consumed,16.0
2026-03-13T07:25:16Z,node-027,revenue,2.0
2026-03-13T07:25:16Z,node-027,cost,27.0
2026-03-13T07:25:16Z,node-027,credit_utilization,91.3
2026-03-13T07:25:16Z,node-028,peer_count,1.0
2026-03-13T07:25:16Z,node-028,task_count,0.0
2026-03-13T07:25:16Z,node-028,balance,-8.0
2026-03-13T07:25:16Z,node-028,tasks_provided,8.0
2026-03-13T07:25:16Z,node-028,tasks_consumed,0.0
2026-03-13T07:25:16Z,node-028,revenue,0.0
2026-03-13T07:25:16Z,node-028,cost,8.0
2026-03-13T07:25:16Z,node-028,credit_utilization,100.0
2026-03-13T07:25:16Z,node-029,peer_count,5.0
2026-03-13T07:25:16Z,node-029,task_count,0.0
2026-03-13T07:25:16Z,node-029,balance,-7.0
2026-03-13T07:25:16Z,node-029,tasks_provided,19.0
2026-03-13T07:25:16Z,node-029,tasks_consumed,7.0
2026-03-13T07:25:16Z,node-029,revenue,6.0
2026-03-13T07:25:16Z,node-029,cost,13.0
2026-03-13T07:25:16Z,node-029,credit_utilization,100.0
2026-03-13T07:25:16Z,node-031,peer_count,10.0
2026-03-13T07:25:16Z,node-031,task_count,1.0
2026-03-13T07:25:16Z,node-031,balance,4.0
2026-03-13T07:25:16Z,node-031,tasks_provided,31.0
2026-03-13T07:25:16Z,node-031,tasks_consumed,22.0
2026-03-13T07:25:16Z,node-031,revenue,2.0
2026-03-13T07:25:16Z,node-031,cost,11.0
2026-03-13T07:25:16Z,node-031,credit_utilization,78.3
2026-03-13T07:25:16Z,node-032,peer_count,1.0
2026-03-13T07:25:16Z,node-032,task_count,0.0
2026-03-13T07:25:16Z,node-032,balance,-8.0
2026-03-13T07:25:16Z,node-032,tasks_provided,8.0
2026-03-13T07:25:16Z,node-032,tasks_consumed,0.0
2026-03-13T07:25:16Z,node-032,revenue,0.0
2026-03-13T07:25:16Z,node-032,cost,8.0
2026-03-13T07:25:16Z,node-032,credit_utilization,100.0
2026-03-13T07:25:16Z,node-033,peer_count,1.0
2026-03-13T07:25:16Z,node-033,task_count,0.0
2026-03-13T07:25:16Z,node-033,balance,-8.0
2026-03-13T07:25:16Z,node-033,tasks_provided,8.0
2026-03-13T07:25:16Z,node-033,tasks_consumed,0.0
2026-03-13T07:25:16Z,node-033,revenue,0.0
2026-03-13T07:25:16Z,node-033,cost,8.0
2026-03-13T07:25:16Z,node-033,credit_utilization,100.0
2026-03-13T07:25:16Z,node-034,peer_count,15.0
2026-03-13T07:25:16Z,node-034,task_count,1.0
2026-03-13T07:25:16Z,node-034,balance,-9.0
2026-03-13T07:25:16Z,node-034,tasks_provided,40.0
2026-03-13T07:25:16Z,node-034,tasks_consumed,20.0
2026-03-13T07:25:16Z,node-034,revenue,1.0
2026-03-13T07:25:16Z,node-034,cost,24.0
2026-03-13T07:25:16Z,node-034,credit_utilization,78.3
2026-03-13T07:25:16Z,node-035,peer_count,2.0
2026-03-13T07:25:16Z,node-035,task_count,2.0
2026-03-13T07:25:16Z,node-035,balance,-14.0
2026-03-13T07:25:16Z,node-035,tasks_provided,17.0
2026-03-13T07:25:16Z,node-035,tasks_consumed,3.0
2026-03-13T07:25:16Z,node-035,revenue,4.0
2026-03-13T07:25:16Z,node-035,cost,16.0
2026-03-13T07:25:16Z,node-035,credit_utilization,100.0
2026-03-13T07:25:16Z,node-036,peer_count,8.0
2026-03-13T07:25:16Z,node-036,task_count,1.0
2026-03-13T07:25:16Z,node-036,balance,-13.0
2026-03-13T07:25:16Z,node-036,tasks_provided,18.0
2026-03-13T07:25:16Z,node-036,tasks_consumed,7.0
2026-03-13T07:25:16Z,node-036,revenue,1.0
2026-03-13T07:25:16Z,node-036,cost,17.0
2026-03-13T07:25:16Z,node-036,credit_utilization,100.0
2026-03-13T07:25:16Z,node-037,peer_count,11.0
2026-03-13T07:25:16Z,node-037,task_count,0.0
2026-03-13T07:25:16Z,node-037,balance,-7.0
2026-03-13T07:25:16Z,node-037,tasks_provided,45.0
2026-03-13T07:25:16Z,node-037,tasks_consumed,21.0
2026-03-13T07:25:16Z,node-037,revenue,14.0
2026-03-13T07:25:16Z,node-037,cost,21.0
2026-03-13T07:25:16Z,node-037,credit_utilization,73.9
2026-03-13T07:25:16Z,node-038,peer_count,3.0
2026-03-13T07:25:16Z,node-038,task_count,1.0
2026-03-13T07:25:16Z,node-038,balance,-8.0
2026-03-13T07:25:16Z,node-038,tasks_provided,32.0
2026-03-13T07:25:16Z,node-038,tasks_consumed,16.0
2026-03-13T07:25:16Z,node-038,revenue,1.0
2026-03-13T07:25:16Z,node-038,cost,20.0
2026-03-13T07:25:16Z,node-038,credit_utilization,78.3
2026-03-13T07:25:16Z,node-039,peer_count,9.0
2026-03-13T07:25:16Z,node-039,task_count,1.0
2026-03-13T07:25:16Z,node-039,balance,-8.0
2026-03-13T07:25:16Z,node-039,tasks_provided,53.0
2026-03-13T07:25:16Z,node-039,tasks_consumed,25.0
2026-03-13T07:25:16Z,node-039,revenue,1.0
2026-03-13T07:25:16Z,node-039,cost,24.0
2026-03-13T07:25:16Z,node-039,credit_utilization,73.9
2026-03-13T07:25:16Z,node-040,peer_count,7.0
2026-03-13T07:25:16Z,node-040,task_count,0.0
2026-03-13T07:25:16Z,node-040,balance,-7.0
2026-03-13T07:25:16Z,node-040,tasks_provided,34.0
2026-03-13T07:25:16Z,node-040,tasks_consumed,15.0
2026-03-13T07:25:16Z,node-040,revenue,12.0
2026-03-13T07:25:16Z,node-040,cost,19.0
2026-03-13T07:25:16Z,node-040,credit_utilization,82.6
2026-03-13T07:25:16Z,node-041,peer_count,26.0
2026-03-13T07:25:16Z,node-041,task_count,1.0
2026-03-13T07:25:16Z,node-041,balance,-12.0
2026-03-13T07:25:16Z,node-041,tasks_provided,38.0
2026-03-13T07:25:16Z,node-041,tasks_consumed,17.0
2026-03-13T07:25:16Z,node-041,revenue,3.0
2026-03-13T07:25:16Z,node-041,cost,22.0
2026-03-13T07:25:16Z,node-041,credit_utilization,87.0
2026-03-13T07:25:16Z,node-042,peer_count,17.0
2026-03-13T07:25:16Z,node-042,task_count,0.0
2026-03-13T07:25:16Z,node-042,balance,-6.0
2026-03-13T07:25:16Z,node-042,tasks_provided,29.0
2026-03-13T07:25:16Z,node-042,tasks_consumed,16.0
2026-03-13T07:25:16Z,node-042,revenue,10.0
2026-03-13T07:25:16Z,node-042,cost,16.0
2026-03-13T07:25:16Z,node-042,credit_utilization,82.6
2026-03-13T07:25:16Z,node-043,peer_count,7.0
2026-03-13T07:25:16Z,node-043,task_count,0.0
2026-03-13T07:25:16Z,node-043,balance,1.0
2026-03-13T07:25:16Z,node-043,tasks_provided,26.0
2026-03-13T07:25:16Z,node-043,tasks_consumed,18.0
2026-03-13T07:25:16Z,node-043,revenue,12.0
2026-03-13T07:25:16Z,node-043,cost,11.0
2026-03-13T07:25:16Z,node-043,credit_utilization,78.3
2026-03-13T07:25:16Z,node-044,peer_count,55.0
2026-03-13T07:25:16Z,node-044,task_count,1.0
2026-03-13T07:25:16Z,node-044,balance,-16.0
2026-03-13T07:25:16Z,node-044,tasks_provided,48.0
2026-03-13T07:25:16Z,node-044,tasks_consumed,20.0
2026-03-13T07:25:16Z,node-044,revenue,1.0
2026-03-13T07:25:16Z,node-044,cost,30.0
2026-03-13T07:25:16Z,node-044,credit_utilization,78.3
2026-03-13T07:25:16Z,node-045,peer_count,15.0
2026-03-13T07:25:16Z,node-045,task_count,0.0
2026-03-13T07:25:16Z,node-045,balance,-19.0
2026-03-13T07:25:16Z,node-045,tasks_provided,42.0
2026-03-13T07:25:16Z,node-045,tasks_consumed,13.0
2026-03-13T07:25:16Z,node-045,revenue,7.0
2026-03-13T07:25:16Z,node-045,cost,26.0
2026-03-13T07:25:16Z,node-045,credit_utilization,91.3
2026-03-13T07:25:16Z,node-046,peer_count,15.0
2026-03-13T07:25:16Z,node-046,task_count,1.0
2026-03-13T07:25:16Z,node-046,balance,-12.0
2026-03-13T07:25:16Z,node-046,tasks_provided,43.0
2026-03-13T07:25:16Z,node-046,tasks_consumed,21.0
2026-03-13T07:25:16Z,node-046,revenue,1.0
2026-03-13T07:25:16Z,node-046,cost,24.0
2026-03-13T07:25:16Z,node-046,credit_utilization,78.3
2026-03-13T07:25:16Z,node-047,peer_count,1.0
2026-03-13T07:25:16Z,node-047,task_count,1.0
2026-03-13T07:25:16Z,node-047,balance,3.0
2026-03-13T07:25:16Z,node-047,tasks_provided,2.0
2026-03-13T07:25:16Z,node-047,tasks_consumed,5.0
2026-03-13T07:25:16Z,node-047,revenue,1.0
2026-03-13T07:25:16Z,node-047,cost,1.0
2026-03-13T07:25:16Z,node-047,credit_utilization,73.9
2026-03-13T07:25:16Z,node-048,peer_count,23.0
2026-03-13T07:25:16Z,node-048,task_count,2.0
2026-03-13T07:25:16Z,node-048,balance,-12.0
2026-03-13T07:25:16Z,node-048,tasks_provided,45.0
2026-03-13T07:25:16Z,node-048,tasks_consumed,22.0
2026-03-13T07:25:16Z,node-048,revenue,2.0
2026-03-13T07:25:16Z,node-048,cost,25.0
2026-03-13T07:25:16Z,node-048,credit_utilization,82.6
2026-03-13T07:25:16Z,node-049,peer_count,1.0
2026-03-13T07:25:16Z,node-049,task_count,1.0
2026-03-13T07:25:16Z,node-049,balance,-7.0
2026-03-13T07:25:16Z,node-049,tasks_provided,7.0
2026-03-13T07:25:16Z,node-049,tasks_consumed,0.0
2026-03-13T07:25:16Z,node-049,revenue,1.0
2026-03-13T07:25:16Z,node-049,cost,1.0
2026-03-13T07:25:16Z,node-049,credit_utilization,95.7
2026-03-13T07:25:16Z,node-050,peer_count,14.0
2026-03-13T07:25:16Z,node-050,task_count,0.0
2026-03-13T07:25:16Z,node-050,balance,-4.0
2026-03-13T07:25:16Z,node-050,tasks_provided,29.0
2026-03-13T07:25:16Z,node-050,tasks_consumed,18.0
2026-03-13T07:25:16Z,node-050,revenue,12.0
2026-03-13T07:25:16Z,node-050,cost,16.0
2026-03-13T07:25:16Z,node-050,credit_utilization,87.0
2026-03-13T07:25:16Z,node-051,peer_count,26.0
2026-03-13T07:25:16Z,node-051,task_count,0.0
2026-03-13T07:25:16Z,node-051,balance,-12.0
2026-03-13T07:25:16Z,node-051,tasks_provided,44.0
2026-03-13T07:25:16Z,node-051,tasks_consumed,22.0
2026-03-13T07:25:16Z,node-051,revenue,14.0
2026-03-13T07:25:16Z,node-051,cost,26.0
2026-03-13T07:25:16Z,node-051,credit_utilization,91.3
2026-03-13T07:25:16Z,node-052,peer_count,14.0
2026-03-13T07:25:16Z,node-052,task_count,2.0
2026-03-13T07:25:16Z,node-052,balance,-2.0
2026-03-13T07:25:16Z,node-052,tasks_provided,33.0
2026-03-13T07:25:16Z,node-052,tasks_consumed,20.0
2026-03-13T07:25:16Z,node-052,revenue,2.0
2026-03-13T07:25:16Z,node-052,cost,14.0
2026-03-13T07:25:16Z,node-052,credit_utilization,78.3
2026-03-13T07:25:16Z,node-053,peer_count,14.0
2026-03-13T07:25:16Z,node-053,task_count,1.0
2026-03-13T07:25:16Z,node-053,balance,-13.0
2026-03-13T07:25:16Z,node-053,tasks_provided,47.0
2026-03-13T07:25:16Z,node-053,tasks_consumed,20.0
2026-03-13T07:25:16Z,node-053,revenue,1.0
2026-03-13T07:25:16Z,node-053,cost,27.0
2026-03-13T07:25:16Z,node-053,credit_utilization,78.3
2026-03-13T07:25:16Z,node-054,peer_count,22.0
2026-03-13T07:25:16Z,node-054,task_count,2.0
2026-03-13T07:25:16Z,node-054,balance,-17.0
2026-03-13T07:25:16Z,node-054,tasks_provided,45.0
2026-03-13T07:25:16Z,node-054,tasks_consumed,19.0
2026-03-13T07:25:16Z,node-054,revenue,1.0
2026-03-13T07:25:16Z,node-054,cost,32.0
2026-03-13T07:25:16Z,node-054,credit_utilization,91.3
2026-03-13T07:25:16Z,node-055,peer_count,31.0
2026-03-13T07:25:16Z,node-055,task_count,2.0
2026-03-13T07:25:16Z,node-055,balance,-15.0
2026-03-13T07:25:16Z,node-055,tasks_provided,38.0
2026-03-13T07:25:16Z,node-055,tasks_consumed,16.0
2026-03-13T07:25:16Z,node-055,revenue,2.0
2026-03-13T07:25:16Z,node-055,cost,28.0
2026-03-13T07:25:16Z,node-055,credit_utilization,87.0
2026-03-13T07:25:16Z,node-056,peer_count,0.0
2026-03-13T07:25:16Z,node-056,task_count,0.0
2026-03-13T07:25:16Z,node-056,balance,-10.0
2026-03-13T07:25:16Z,node-056,tasks_provided,37.0
2026-03-13T07:25:16Z,node-056,tasks_consumed,19.0
2026-03-13T07:25:16Z,node-056,revenue,14.0
2026-03-13T07:25:16Z,node-056,cost,24.0
2026-03-13T07:25:16Z,node-056,credit_utilization,78.3
2026-03-13T07:25:16Z,node-057,peer_count,13.0
2026-03-13T07:25:16Z,node-057,task_count,1.0
2026-03-13T07:25:16Z,node-057,balance,2.0
2026-03-13T07:25:16Z,node-057,tasks_provided,38.0
2026-03-13T07:25:16Z,node-057,tasks_consumed,22.0
2026-03-13T07:25:16Z,node-057,revenue,1.0
2026-03-13T07:25:16Z,node-057,cost,12.0
2026-03-13T07:25:16Z,node-057,credit_utilization,73.9
2026-03-13T07:25:16Z,node-058,peer_count,17.0
2026-03-13T07:25:16Z,node-058,task_count,0.0
2026-03-13T07:25:16Z,node-058,balance,-25.0
2026-03-13T07:25:16Z,node-058,tasks_provided,54.0
2026-03-13T07:25:16Z,node-058,tasks_consumed,18.0
2026-03-13T07:25:16Z,node-058,revenue,11.0
2026-03-13T07:25:16Z,node-058,cost,36.0
2026-03-13T07:25:16Z,node-058,credit_utilization,82.6
2026-03-13T07:25:16Z,node-059,peer_count,62.0
2026-03-13T07:25:16Z,node-059,task_count,0.0
2026-03-13T07:25:16Z,node-059,balance,-20.0
2026-03-13T07:25:16Z,node-059,tasks_provided,50.0
2026-03-13T07:25:16Z,node-059,tasks_consumed,21.0
2026-03-13T07:25:16Z,node-059,revenue,14.0
2026-03-13T07:25:16Z,node-059,cost,34.0
2026-03-13T07:25:16Z,node-059,credit_utilization,100.0
2026-03-13T07:25:16Z,node-060,peer_count,18.0
2026-03-13T07:25:16Z,node-060,task_count,1.0
2026-03-13T07:25:16Z,node-060,balance,-3.0
2026-03-13T07:25:16Z,node-060,tasks_provided,38.0
2026-03-13T07:25:16Z,node-060,tasks_consumed,23.0
2026-03-13T07:25:16Z,node-060,revenue,1.0
2026-03-13T07:25:16Z,node-060,cost,19.0
2026-03-13T07:25:16Z,node-060,credit_utilization,73.9
2026-03-13T07:25:16Z,node-061,peer_count,10.0
2026-03-13T07:25:16Z,node-061,task_count,2.0
2026-03-13T07:25:16Z,node-061,balance,-10.0
2026-03-13T07:25:16Z,node-061,tasks_provided,40.0
2026-03-13T07:25:16Z,node-061,tasks_consumed,20.0
2026-03-13T07:25:16Z,node-061,revenue,1.0
2026-03-13T07:25:16Z,node-061,cost,25.0
2026-03-13T07:25:16Z,node-061,credit_utilization,78.3
2026-03-13T07:25:16Z,node-062,peer_count,15.0
2026-03-13T07:25:16Z,node-062,task_count,1.0
2026-03-13T07:25:16Z,node-062,balance,-6.0
2026-03-13T07:25:16Z,node-062,tasks_provided,42.0
2026-03-13T07:25:16Z,node-062,tasks_consumed,22.0
2026-03-13T07:25:16Z,node-062,revenue,1.0
2026-03-13T07:25:16Z,node-062,cost,20.0
2026-03-13T07:25:16Z,node-062,credit_utilization,87.0
2026-03-13T07:25:16Z,node-063,peer_count,1.0
2026-03-13T07:25:16Z,node-063,task_count,0.0
2026-03-13T07:25:16Z,node-063,balance,-7.0
2026-03-13T07:25:16Z,node-063,tasks_provided,8.0
2026-03-13T07:25:16Z,node-063,tasks_consumed,1.0
2026-03-13T07:25:16Z,node-063,revenue,1.0
2026-03-13T07:25:16Z,node-063,cost,8.0
2026-03-13T07:25:16Z,node-063,credit_utilization,100.0
2026-03-13T07:25:16Z,node-064,peer_count,18.0
2026-03-13T07:25:16Z,node-064,task_count,2.0
2026-03-13T07:25:16Z,node-064,balance,-23.0
2026-03-13T07:25:16Z,node-064,tasks_provided,50.0
2026-03-13T07:25:16Z,node-064,tasks_consumed,19.0
2026-03-13T07:25:16Z,node-064,revenue,2.0
2026-03-13T07:25:16Z,node-064,cost,35.0
2026-03-13T07:25:16Z,node-064,credit_utilization,100.0
2026-03-13T07:25:16Z,node-065,peer_count,20.0
2026-03-13T07:25:16Z,node-065,task_count,0.0
2026-03-13T07:25:16Z,node-065,balance,-2.0
2026-03-13T07:25:16Z,node-065,tasks_provided,34.0
2026-03-13T07:25:16Z,node-065,tasks_consumed,25.0
2026-03-13T07:25:16Z,node-065,revenue,16.0
2026-03-13T07:25:16Z,node-065,cost,18.0
2026-03-13T07:25:16Z,node-065,credit_utilization,87.0
2026-03-13T07:25:16Z,node-066,peer_count,8.0
2026-03-13T07:25:16Z,node-066,task_count,0.0
2026-03-13T07:25:16Z,node-066,balance,-14.0
2026-03-13T07:25:16Z,node-066,tasks_provided,26.0
2026-03-13T07:25:16Z,node-066,tasks_consumed,12.0
2026-03-13T07:25:16Z,node-066,revenue,8.0
2026-03-13T07:25:16Z,node-066,cost,22.0
2026-03-13T07:25:16Z,node-066,credit_utilization,91.3
2026-03-13T07:25:16Z,node-067,peer_count,14.0
2026-03-13T07:25:16Z,node-067,task_count,0.0
2026-03-13T07:25:16Z,node-067,balance,-13.0
2026-03-13T07:25:16Z,node-067,tasks_provided,42.0
2026-03-13T07:25:16Z,node-067,tasks_consumed,23.0
2026-03-13T07:25:16Z,node-067,revenue,17.0
2026-03-13T07:25:16Z,node-067,cost,30.0
2026-03-13T07:25:16Z,node-067,credit_utilization,91.3
2026-03-13T07:25:16Z,node-068,peer_count,73.0
2026-03-13T07:25:16Z,node-068,task_count,0.0
2026-03-13T07:25:16Z,node-068,balance,-9.0
2026-03-13T07:25:16Z,node-068,tasks_provided,39.0
2026-03-13T07:25:16Z,node-068,tasks_consumed,20.0
2026-03-13T07:25:16Z,node-068,revenue,13.0
2026-03-13T07:25:16Z,node-068,cost,22.0
2026-03-13T07:25:16Z,node-068,credit_utilization,73.9
2026-03-13T07:25:16Z,node-069,peer_count,16.0
2026-03-13T07:25:16Z,node-069,task_count,1.0
2026-03-13T07:25:16Z,node-069,balance,-13.0
2026-03-13T07:25:16Z,node-069,tasks_provided,43.0
2026-03-13T07:25:16Z,node-069,tasks_consumed,19.0
2026-03-13T07:25:16Z,node-069,revenue,1.0
2026-03-13T07:25:16Z,node-069,cost,25.0
2026-03-13T07:25:16Z,node-069,credit_utilization,78.3
2026-03-13T07:25:16Z,node-070,peer_count,45.0
2026-03-13T07:25:16Z,node-070,task_count,0.0
2026-03-13T07:25:16Z,node-070,balance,-7.0
2026-03-13T07:25:16Z,node-070,tasks_provided,42.0
2026-03-13T07:25:16Z,node-070,tasks_consumed,22.0
2026-03-13T07:25:16Z,node-070,revenue,14.0
2026-03-13T07:25:16Z,node-070,cost,21.0
2026-03-13T07:25:16Z,node-070,credit_utilization,73.9
2026-03-13T07:25:16Z,node-071,peer_count,14.0
2026-03-13T07:25:16Z,node-071,task_count,1.0
2026-03-13T07:25:16Z,node-071,balance,-17.0
2026-03-13T07:25:16Z,node-071,tasks_provided,39.0
2026-03-13T07:25:16Z,node-071,tasks_consumed,16.0
2026-03-13T07:25:16Z,node-071,revenue,1.0
2026-03-13T07:25:16Z,node-071,cost,31.0
2026-03-13T07:25:16Z,node-071,credit_utilization,100.0
2026-03-13T07:25:16Z,node-076,peer_count,1.0
2026-03-13T07:25:16Z,node-076,task_count,0.0
2026-03-13T07:25:16Z,node-076,balance,-3.0
2026-03-13T07:25:16Z,node-076,tasks_provided,8.0
2026-03-13T07:25:16Z,node-076,tasks_consumed,5.0
2026-03-13T07:25:16Z,node-076,revenue,5.0
2026-03-13T07:25:16Z,node-076,cost,8.0
2026-03-13T07:25:16Z,node-076,credit_utilization,100.0
2026-03-13T07:25:16Z,node-077,peer_count,16.0
2026-03-13T07:25:16Z,node-077,task_count,1.0
2026-03-13T07:25:16Z,node-077,balance,-7.0
2026-03-13T07:25:16Z,node-077,tasks_provided,48.0
2026-03-13T07:25:16Z,node-077,tasks_consumed,20.0
2026-03-13T07:25:16Z,node-077,revenue,1.0
2026-03-13T07:25:16Z,node-077,cost,20.0
2026-03-13T07:25:16Z,node-077,credit_utilization,82.6
2026-03-13T07:25:16Z,node-078,peer_count,9.0
2026-03-13T07:25:16Z,node-078,task_count,0.0
2026-03-13T07:25:16Z,node-078,balance,-15.0
2026-03-13T07:25:16Z,node-078,tasks_provided,51.0
2026-03-13T07:25:16Z,node-078,tasks_consumed,22.0
2026-03-13T07:25:16Z,node-078,revenue,15.0
2026-03-13T07:25:16Z,node-078,cost,30.0
2026-03-13T07:25:16Z,node-078,credit_utilization,87.0
2026-03-13T07:25:16Z,node-079,peer_count,6.0
2026-03-13T07:25:16Z,node-079,task_count,2.0
2026-03-13T07:25:16Z,node-079,balance,-9.0
2026-03-13T07:25:16Z,node-079,tasks_provided,50.0
2026-03-13T07:25:16Z,node-079,tasks_consumed,20.0
2026-03-13T07:25:16Z,node-079,revenue,2.0
2026-03-13T07:25:16Z,node-079,cost,17.0
2026-03-13T07:25:16Z,node-079,credit_utilization,78.3
2026-03-13T07:25:16Z,node-080,peer_count,14.0
2026-03-13T07:25:16Z,node-080,task_count,2.0
2026-03-13T07:25:16Z,node-080,balance,-3.0
2026-03-13T07:25:16Z,node-080,tasks_provided,29.0
2026-03-13T07:25:16Z,node-080,tasks_consumed,20.0
2026-03-13T07:25:16Z,node-080,revenue,2.0
2026-03-13T07:25:16Z,node-080,cost,18.0
2026-03-13T07:25:16Z,node-080,credit_utilization,95.7
2026-03-13T07:25:16Z,node-081,peer_count,18.0
2026-03-13T07:25:16Z,node-081,task_count,1.0
2026-03-13T07:25:16Z,node-081,balance,-10.0
2026-03-13T07:25:16Z,node-081,tasks_provided,48.0
2026-03-13T07:25:16Z,node-081,tasks_consumed,18.0
2026-03-13T07:25:16Z,node-081,revenue,1.0
2026-03-13T07:25:16Z,node-081,cost,21.0
2026-03-13T07:25:16Z,node-081,credit_utilization,73.9
2026-03-13T07:25:16Z,node-082,peer_count,19.0
2026-03-13T07:25:16Z,node-082,task_count,0.0
2026-03-13T07:25:16Z,node-082,balance,3.0
2026-03-13T07:25:16Z,node-082,tasks_provided,33.0
2026-03-13T07:25:16Z,node-082,tasks_consumed,18.0
2026-03-13T07:25:16Z,node-082,revenue,14.0
2026-03-13T07:25:16Z,node-082,cost,11.0
2026-03-13T07:25:16Z,node-082,credit_utilization,78.3
2026-03-13T07:25:16Z,node-083,peer_count,0.0
2026-03-13T07:25:16Z,node-083,task_count,0.0
2026-03-13T07:25:16Z,node-083,balance,-17.0
2026-03-13T07:25:16Z,node-083,tasks_provided,45.0
2026-03-13T07:25:16Z,node-083,tasks_consumed,15.0
2026-03-13T07:25:16Z,node-083,revenue,2.0
2026-03-13T07:25:16Z,node-083,cost,27.0
2026-03-13T07:25:16Z,node-083,credit_utilization,91.3
2026-03-13T07:25:16Z,node-084,peer_count,1.0
2026-03-13T07:25:16Z,node-084,task_count,0.0
2026-03-13T07:25:16Z,node-084,balance,-8.0
2026-03-13T07:25:16Z,node-084,tasks_provided,8.0
2026-03-13T07:25:16Z,node-084,tasks_consumed,0.0
2026-03-13T07:25:16Z,node-084,revenue,0.0
2026-03-13T07:25:16Z,node-084,cost,8.0
2026-03-13T07:25:16Z,node-084,credit_utilization,100.0
2026-03-13T07:25:16Z,node-085,peer_count,1.0
2026-03-13T07:25:16Z,node-085,task_count,0.0
2026-03-13T07:25:16Z,node-085,balance,-4.0
2026-03-13T07:25:16Z,node-085,tasks_provided,8.0
2026-03-13T07:25:16Z,node-085,tasks_consumed,4.0
2026-03-13T07:25:16Z,node-085,revenue,4.0
2026-03-13T07:25:16Z,node-085,cost,8.0
2026-03-13T07:25:16Z,node-085,credit_utilization,100.0
2026-03-13T07:25:16Z,node-086,peer_count,16.0
2026-03-13T07:25:16Z,node-086,task_count,2.0
2026-03-13T07:25:16Z,node-086,balance,-3.0
2026-03-13T07:25:16Z,node-086,tasks_provided,51.0
2026-03-13T07:25:16Z,node-086,tasks_consumed,22.0
2026-03-13T07:25:16Z,node-086,revenue,2.0
2026-03-13T07:25:16Z,node-086,cost,16.0
2026-03-13T07:25:16Z,node-086,credit_utilization,73.9
2026-03-13T07:25:16Z,node-088,peer_count,12.0
2026-03-13T07:25:16Z,node-088,task_count,3.0
2026-03-13T07:25:16Z,node-088,balance,1.0
2026-03-13T07:25:16Z,node-088,tasks_provided,32.0
2026-03-13T07:25:16Z,node-088,tasks_consumed,20.0
2026-03-13T07:25:16Z,node-088,revenue,3.0
2026-03-13T07:25:16Z,node-088,cost,14.0
2026-03-13T07:25:16Z,node-088,credit_utilization,73.9
2026-03-13T07:25:16Z,node-089,peer_count,12.0
2026-03-13T07:25:16Z,node-089,task_count,0.0
2026-03-13T07:25:16Z,node-089,balance,-4.0
2026-03-13T07:25:16Z,node-089,tasks_provided,34.0
2026-03-13T07:25:16Z,node-089,tasks_consumed,18.0
2026-03-13T07:25:16Z,node-089,revenue,14.0
2026-03-13T07:25:16Z,node-089,cost,18.0
2026-03-13T07:25:16Z,node-089,credit_utilization,78.3
2026-03-13T07:25:16Z,node-090,peer_count,6.0
2026-03-13T07:25:16Z,node-090,task_count,1.0
2026-03-13T07:25:16Z,node-090,balance,-8.0
2026-03-13T07:25:16Z,node-090,tasks_provided,22.0
2026-03-13T07:25:16Z,node-090,tasks_consumed,8.0
2026-03-13T07:25:16Z,node-090,revenue,1.0
2026-03-13T07:25:16Z,node-090,cost,15.0
2026-03-13T07:25:16Z,node-090,credit_utilization,100.0
2026-03-13T07:25:16Z,node-091,peer_count,12.0
2026-03-13T07:25:16Z,node-091,task_count,0.0
2026-03-13T07:25:16Z,node-091,balance,3.0
2026-03-13T07:25:16Z,node-091,tasks_provided,24.0
2026-03-13T07:25:16Z,node-091,tasks_consumed,18.0
2026-03-13T07:25:16Z,node-091,revenue,15.0
2026-03-13T07:25:16Z,node-091,cost,12.0
2026-03-13T07:25:16Z,node-091,credit_utilization,73.9
2026-03-13T07:25:16Z,node-092,peer_count,18.0
2026-03-13T07:25:16Z,node-092,task_count,3.0
2026-03-13T07:25:16Z,node-092,balance,-7.0
2026-03-13T07:25:16Z,node-092,tasks_provided,31.0
2026-03-13T07:25:16Z,node-092,tasks_consumed,20.0
2026-03-13T07:25:16Z,node-092,revenue,3.0
2026-03-13T07:25:16Z,node-092,cost,23.0
2026-03-13T07:25:16Z,node-092,credit_utilization,91.3
2026-03-13T07:25:16Z,node-093,peer_count,3.0
2026-03-13T07:25:16Z,node-093,task_count,1.0
2026-03-13T07:25:16Z,node-093,balance,-11.0
2026-03-13T07:25:16Z,node-093,tasks_provided,33.0
2026-03-13T07:25:16Z,node-093,tasks_consumed,12.0
2026-03-13T07:25:16Z,node-093,revenue,1.0
2026-03-13T07:25:16Z,node-093,cost,20.0
2026-03-13T07:25:16Z,node-093,credit_utilization,78.3
2026-03-13T07:25:16Z,node-094,peer_count,49.0
2026-03-13T07:25:16Z,node-094,task_count,2.0
2026-03-13T07:25:16Z,node-094,balance,-9.0
2026-03-13T07:25:16Z,node-094,tasks_provided,48.0
2026-03-13T07:25:16Z,node-094,tasks_consumed,22.0
2026-03-13T07:25:16Z,node-094,revenue,3.0
2026-03-13T07:25:16Z,node-094,cost,22.0
2026-03-13T07:25:16Z,node-094,credit_utilization,78.3
2026-03-13T07:25:16Z,node-095,peer_count,21.0
2026-03-13T07:25:16Z,node-095,task_count,3.0
2026-03-13T07:25:16Z,node-095,balance,-8.0
2026-03-13T07:25:16Z,node-095,tasks_provided,44.0
2026-03-13T07:25:16Z,node-095,tasks_consumed,26.0
2026-03-13T07:25:16Z,node-095,revenue,3.0
2026-03-13T07:25:16Z,node-095,cost,26.0
2026-03-13T07:25:16Z,node-095,credit_utilization,78.3
2026-03-13T07:25:16Z,node-096,peer_count,29.0
2026-03-13T07:25:16Z,node-096,task_count,1.0
2026-03-13T07:25:16Z,node-096,balance,-1.0
2026-03-13T07:25:16Z,node-096,tasks_provided,43.0
2026-03-13T07:25:16Z,node-096,tasks_consumed,25.0
2026-03-13T07:25:16Z,node-096,revenue,1.0
2026-03-13T07:25:16Z,node-096,cost,17.0
2026-03-13T07:25:16Z,node-096,credit_utilization,82.6
2026-03-13T07:25:16Z,node-097,peer_count,30.0
2026-03-13T07:25:16Z,node-097,task_count,0.0
2026-03-13T07:25:16Z,node-097,balance,2.0
2026-03-13T07:25:16Z,node-097,tasks_provided,33.0
2026-03-13T07:25:16Z,node-097,tasks_consumed,21.0
2026-03-13T07:25:16Z,node-097,revenue,15.0
2026-03-13T07:25:16Z,node-097,cost,13.0
2026-03-13T07:25:16Z,node-097,credit_utilization,91.3
2026-03-13T07:25:16Z,node-098,peer_count,9.0
2026-03-13T07:25:16Z,node-098,task_count,0.0
2026-03-13T07:25:16Z,node-098,balance,3.0
2026-03-13T07:25:16Z,node-098,tasks_provided,25.0
2026-03-13T07:25:16Z,node-098,tasks_consumed,18.0
2026-03-13T07:25:16Z,node-098,revenue,15.0
2026-03-13T07:25:16Z,node-098,cost,12.0
2026-03-13T07:25:16Z,node-098,credit_utilization,87.0
2026-03-13T07:25:16Z,node-099,peer_count,13.0
2026-03-13T07:25:16Z,node-099,task_count,1.0
2026-03-13T07:25:16Z,node-099,balance,0.0
2026-03-13T07:25:16Z,node-099,tasks_provided,21.0
2026-03-13T07:25:16Z,node-099,tasks_consumed,16.0
2026-03-13T07:25:16Z,node-099,revenue,1.0
2026-03-13T07:25:16Z,node-099,cost,13.0
2026-03-13T07:25:16Z,node-099,credit_utilization,73.9
