node,pipeline,action,count
node-002,casino-autocreate,act,3
node-002,casino-autocreate,act_error,13
node-002,casino-autocreate,skip,135
node-002,chat,log,14
node-002,concierge-expert,log,14
node-002,concierge-faq,drop,3
node-002,concierge-faq,log,11
node-002,concierge-intake,log,14
node-002,credit-warning,drop,9
node-002,credit-warning,skip,19
node-002,mail-triage,compile,2
node-002,mail-triage,summon,12
node-002,queue-backpressure,skip,8
node-002,queue-backpressure,summon,11
node-002,settlement-execute,execute_settlement,3
node-002,task-failures,compile,1
node-003,casino-autocreate,act,3
node-003,casino-autocreate,act_error,12
node-003,casino-autocreate,skip,134
node-003,chat,log,24
node-003,concierge-expert,log,24
node-003,concierge-faq,drop,3
node-003,concierge-faq,log,21
node-003,concierge-intake,log,24
node-003,credit-warning,drop,9
node-003,credit-warning,skip,6
node-003,mail-triage,compile,7
node-003,mail-triage,summon,17
node-003,queue-backpressure,skip,14
node-003,queue-backpressure,summon,14
node-003,task-failures,compile,2
node-004,casino-autocreate,act,3
node-004,casino-autocreate,act_error,12
node-004,casino-autocreate,skip,134
node-004,chat,log,22
node-004,concierge-expert,log,22
node-004,concierge-faq,drop,3
node-004,concierge-faq,log,19
node-004,concierge-intake,log,22
node-004,credit-warning,drop,10
node-004,credit-warning,skip,9
node-004,mail-triage,compile,6
node-004,mail-triage,summon,16
node-004,queue-backpressure,skip,14
node-004,queue-backpressure,summon,12
node-004,settlement-execute,execute_settlement,2
node-004,task-failures,compile,1
node-005,casino-autocreate,act,1
node-005,casino-autocreate,act_error,15
node-005,casino-autocreate,skip,134
node-005,chat,log,5
node-005,concierge-expert,log,5
node-005,concierge-faq,drop,1
node-005,concierge-faq,log,4
node-005,concierge-intake,log,4
node-005,credit-warning,drop,4
node-005,credit-warning,skip,3
node-005,mail-triage,compile,2
node-005,mail-triage,summon,2
node-005,queue-backpressure,skip,1
node-005,queue-backpressure,summon,4
node-006,casino-autocreate,act,3
node-006,casino-autocreate,act_error,13
node-006,casino-autocreate,skip,134
node-006,chat,log,9
node-006,concierge-expert,log,8
node-006,concierge-faq,log,8
node-006,concierge-intake,log,7
node-006,credit-warning,drop,4
node-006,credit-warning,skip,2
node-006,mail-triage,compile,4
node-006,mail-triage,summon,3
node-006,queue-backpressure,skip,2
node-006,queue-backpressure,summon,6
node-006,task-failures,compile,1
node-007,casino-autocreate,act,2
node-007,casino-autocreate,act_error,14
node-007,casino-autocreate,skip,134
node-007,chat,log,24
node-007,concierge-expert,log,24
node-007,concierge-faq,drop,2
node-007,concierge-faq,log,22
node-007,concierge-intake,log,24
node-007,credit-warning,drop,9
node-007,credit-warning,skip,9
node-007,mail-triage,compile,5
node-007,mail-triage,summon,19
node-007,queue-backpressure,skip,13
node-007,queue-backpressure,summon,15
node-007,settlement-execute,execute_settlement,2
node-007,task-failures,compile,1
node-008,casino-autocreate,act,4
node-008,casino-autocreate,act_error,11
node-008,casino-autocreate,skip,132
node-008,chat,log,20
node-008,concierge-expert,log,20
node-008,concierge-faq,drop,2
node-008,concierge-faq,log,18
node-008,concierge-intake,log,20
node-008,credit-warning,drop,9
node-008,credit-warning,skip,11
node-008,mail-triage,compile,3
node-008,mail-triage,summon,17
node-008,queue-backpressure,skip,11
node-008,queue-backpressure,summon,10
node-008,settlement-execute,execute_settlement,1
node-008,task-failures,compile,1
node-009,casino-autocreate,act,3
node-009,casino-autocreate,act_error,12
node-009,casino-autocreate,skip,134
node-009,chat,log,21
node-009,concierge-expert,log,20
node-009,concierge-faq,drop,3
node-009,concierge-faq,log,17
node-009,concierge-intake,log,20
node-009,credit-warning,drop,6
node-009,credit-warning,skip,4
node-009,mail-triage,compile,5
node-009,mail-triage,summon,15
node-009,queue-backpressure,skip,11
node-009,queue-backpressure,summon,11
node-009,settlement-execute,execute_settlement,2
node-009,task-failures,compile,1
node-010,casino-autocreate,act,3
node-010,casino-autocreate,act_error,12
node-010,casino-autocreate,skip,132
node-010,chat,log,11
node-010,concierge-expert,log,11
node-010,concierge-faq,drop,3
node-010,concierge-faq,log,8
node-010,concierge-intake,log,11
node-010,credit-warning,drop,8
node-010,credit-warning,skip,11
node-010,mail-triage,compile,3
node-010,mail-triage,summon,8
node-010,queue-backpressure,skip,6
node-010,queue-backpressure,summon,7
node-010,settlement-execute,execute_settlement,1
node-010,task-failures,compile,1
node-011,casino-autocreate,act,1
node-011,casino-autocreate,act_error,14
node-011,casino-autocreate,skip,133
node-011,chat,log,18
node-011,concierge-expert,log,18
node-011,concierge-faq,drop,2
node-011,concierge-faq,log,16
node-011,concierge-intake,log,18
node-011,credit-warning,drop,6
node-011,credit-warning,skip,16
node-011,mail-triage,compile,5
node-011,mail-triage,summon,13
node-011,queue-backpressure,skip,10
node-011,queue-backpressure,summon,11
node-011,settlement-execute,execute_settlement,3
node-011,task-failures,compile,1
node-012,casino-autocreate,act,4
node-012,casino-autocreate,act_error,12
node-012,casino-autocreate,skip,133
node-012,chat,log,14
node-012,concierge-expert,log,12
node-012,concierge-faq,drop,4
node-012,concierge-faq,log,8
node-012,concierge-intake,log,12
node-012,credit-warning,drop,8
node-012,credit-warning,skip,9
node-012,mail-triage,compile,3
node-012,mail-triage,summon,9
node-012,queue-backpressure,skip,5
node-012,queue-backpressure,summon,10
node-012,settlement-execute,execute_settlement,2
node-012,task-failures,compile,5
node-012,task-failures,compile+summon,1
node-013,casino-autocreate,act,3
node-013,casino-autocreate,act_error,12
node-013,casino-autocreate,skip,134
node-013,chat,log,16
node-013,concierge-expert,log,16
node-013,concierge-faq,drop,3
node-013,concierge-faq,log,13
node-013,concierge-intake,log,16
node-013,credit-warning,drop,7
node-013,credit-warning,skip,4
node-013,mail-triage,compile,8
node-013,mail-triage,summon,8
node-013,queue-backpressure,skip,5
node-013,queue-backpressure,summon,12
node-013,task-failures,compile,2
node-014,casino-autocreate,act,3
node-014,casino-autocreate,act_error,13
node-014,casino-autocreate,skip,133
node-014,chat,log,26
node-014,concierge-expert,log,26
node-014,concierge-faq,drop,3
node-014,concierge-faq,log,23
node-014,concierge-intake,log,26
node-014,credit-warning,drop,9
node-014,credit-warning,skip,16
node-014,mail-triage,compile,9
node-014,mail-triage,summon,17
node-014,queue-backpressure,skip,19
node-014,queue-backpressure,summon,12
node-014,settlement-execute,execute_settlement,2
node-014,task-failures,compile,2
node-016,casino-autocreate,act,1
node-016,casino-autocreate,act_error,14
node-016,casino-autocreate,skip,132
node-016,chat,log,20
node-016,concierge-expert,log,20
node-016,concierge-faq,drop,2
node-016,concierge-faq,log,18
node-016,concierge-intake,log,20
node-016,credit-warning,drop,10
node-016,credit-warning,skip,14
node-016,mail-triage,compile,3
node-016,mail-triage,summon,17
node-016,queue-backpressure,skip,14
node-016,queue-backpressure,summon,12
node-016,settlement-execute,execute_settlement,2
node-016,task-failures,compile,2
node-017,casino-autocreate,act,2
node-017,casino-autocreate,act_error,14
node-017,casino-autocreate,skip,134
node-017,chat,log,21
node-017,concierge-expert,log,21
node-017,concierge-faq,drop,2
node-017,concierge-faq,log,19
node-017,concierge-intake,log,21
node-017,credit-warning,drop,11
node-017,credit-warning,skip,9
node-017,mail-triage,compile,7
node-017,mail-triage,summon,14
node-017,queue-backpressure,skip,11
node-017,queue-backpressure,summon,15
node-017,settlement-execute,execute_settlement,1
node-017,task-failures,compile,2
node-017,task-failures,skip,1
node-018,casino-autocreate,act,2
node-018,casino-autocreate,act_error,13
node-018,casino-autocreate,skip,133
node-018,chat,log,13
node-018,concierge-expert,log,13
node-018,concierge-faq,drop,2
node-018,concierge-faq,log,11
node-018,concierge-intake,log,13
node-018,credit-warning,drop,9
node-018,credit-warning,skip,10
node-018,mail-triage,compile,2
node-018,mail-triage,summon,11
node-018,queue-backpressure,skip,9
node-018,queue-backpressure,summon,9
node-018,settlement-execute,execute_settlement,1
node-018,task-failures,compile,3
node-019,casino-autocreate,act,3
node-019,casino-autocreate,act_error,12
node-019,casino-autocreate,skip,134
node-019,chat,log,5
node-019,concierge-expert,log,5
node-019,concierge-faq,drop,1
node-019,concierge-faq,log,4
node-019,concierge-intake,log,5
node-019,credit-warning,drop,9
node-019,credit-warning,skip,8
node-019,mail-triage,compile,1
node-019,mail-triage,summon,4
node-019,queue-backpressure,skip,3
node-019,queue-backpressure,summon,4
node-019,task-failures,compile,2
node-020,casino-autocreate,act,5
node-020,casino-autocreate,act_error,11
node-020,casino-autocreate,skip,132
node-020,chat,log,16
node-020,concierge-expert,log,16
node-020,concierge-faq,drop,2
node-020,concierge-faq,log,13
node-020,concierge-intake,log,15
node-020,credit-warning,drop,7
node-020,credit-warning,skip,6
node-020,mail-triage,compile,5
node-020,mail-triage,summon,10
node-020,queue-backpressure,skip,8
node-020,queue-backpressure,summon,10
node-020,settlement-execute,execute_settlement,2
node-021,casino-autocreate,act,3
node-021,casino-autocreate,act_error,12
node-021,casino-autocreate,skip,133
node-021,chat,log,13
node-021,concierge-expert,log,13
node-021,concierge-faq,log,13
node-021,concierge-intake,log,13
node-021,credit-warning,drop,8
node-021,credit-warning,skip,10
node-021,mail-triage,compile,2
node-021,mail-triage,summon,11
node-021,queue-backpressure,skip,5
node-021,queue-backpressure,summon,10
node-021,settlement-execute,execute_settlement,1
node-021,task-failures,compile,2
node-021,task-failures,skip,1
node-022,casino-autocreate,act,3
node-022,casino-autocreate,act_error,12
node-022,casino-autocreate,skip,133
node-022,chat,log,14
node-022,concierge-expert,log,12
node-022,concierge-faq,drop,2
node-022,concierge-faq,log,9
node-022,concierge-intake,log,10
node-022,credit-warning,drop,9
node-022,credit-warning,skip,12
node-022,mail-triage,compile,3
node-022,mail-triage,summon,7
node-022,queue-backpressure,skip,5
node-022,queue-backpressure,summon,9
node-022,settlement-execute,execute_settlement,2
node-022,task-failures,compile,1
node-023,casino-autocreate,act,3
node-023,casino-autocreate,act_error,12
node-023,casino-autocreate,skip,133
node-023,chat,log,15
node-023,concierge-expert,log,15
node-023,concierge-faq,drop,2
node-023,concierge-faq,log,13
node-023,concierge-intake,log,15
node-023,credit-warning,drop,7
node-023,credit-warning,skip,12
node-023,mail-triage,compile,2
node-023,mail-triage,summon,13
node-023,queue-backpressure,skip,7
node-023,queue-backpressure,summon,8
node-023,settlement-execute,execute_settlement,1
node-023,task-failures,compile,4
node-024,casino-autocreate,act,3
node-024,casino-autocreate,act_error,12
node-024,casino-autocreate,skip,132
node-024,chat,log,10
node-024,concierge-expert,log,10
node-024,concierge-faq,drop,2
node-024,concierge-faq,log,8
node-024,concierge-intake,log,10
node-024,credit-warning,drop,7
node-024,credit-warning,skip,13
node-024,mail-triage,compile,2
node-024,mail-triage,summon,8
node-024,queue-backpressure,skip,2
node-024,queue-backpressure,summon,8
node-024,settlement-execute,execute_settlement,1
node-024,task-failures,compile,1
node-025,casino-autocreate,act,3
node-025,casino-autocreate,act_error,12
node-025,casino-autocreate,skip,133
node-025,chat,log,12
node-025,concierge-expert,log,12
node-025,concierge-faq,drop,2
node-025,concierge-faq,log,10
node-025,concierge-intake,log,12
node-025,credit-warning,drop,8
node-025,credit-warning,skip,11
node-025,mail-triage,compile,1
node-025,mail-triage,summon,11
node-025,queue-backpressure,skip,3
node-025,queue-backpressure,summon,10
node-025,settlement-execute,execute_settlement,1
node-025,task-failures,compile,2
node-026,casino-autocreate,act,2
node-026,casino-autocreate,act_error,13
node-026,casino-autocreate,skip,133
node-026,chat,log,17
node-026,concierge-expert,log,17
node-026,concierge-faq,drop,2
node-026,concierge-faq,log,15
node-026,concierge-intake,log,17
node-026,credit-warning,drop,9
node-026,credit-warning,skip,9
node-026,mail-triage,compile,5
node-026,mail-triage,summon,12
node-026,queue-backpressure,skip,7
node-026,queue-backpressure,summon,14
node-026,task-failures,compile,2
node-027,casino-autocreate,act,1
node-027,casino-autocreate,act_error,14
node-027,casino-autocreate,skip,132
node-027,chat,log,19
node-027,concierge-expert,log,19
node-027,concierge-faq,drop,1
node-027,concierge-faq,log,18
node-027,concierge-intake,log,19
node-027,credit-warning,drop,7
node-027,credit-warning,skip,11
node-027,mail-triage,compile,7
node-027,mail-triage,summon,12
node-027,queue-backpressure,skip,7
node-027,queue-backpressure,summon,13
node-027,task-failures,compile,3
node-028,casino-autocreate,act,2
node-028,casino-autocreate,act_error,13
node-028,casino-autocreate,skip,133
node-028,chat,log,13
node-028,concierge-expert,log,13
node-028,concierge-faq,log,13
node-028,concierge-intake,log,13
node-028,credit-warning,drop,10
node-028,credit-warning,skip,5
node-028,mail-triage,compile,2
node-028,mail-triage,summon,11
node-028,queue-backpressure,skip,5
node-028,queue-backpressure,summon,10
node-028,settlement-execute,execute_settlement,1
node-028,task-failures,compile,1
node-029,casino-autocreate,act,2
node-029,casino-autocreate,act_error,13
node-029,casino-autocreate,skip,133
node-029,chat,log,8
node-029,concierge-expert,log,8
node-029,concierge-faq,log,8
node-029,concierge-intake,log,8
node-029,credit-warning,drop,8
node-029,credit-warning,skip,7
node-029,mail-triage,compile,1
node-029,mail-triage,summon,7
node-029,queue-backpressure,skip,3
node-029,queue-backpressure,summon,6
node-029,settlement-execute,execute_settlement,1
node-029,task-failures,compile,3
node-030,casino-autocreate,act,3
node-030,casino-autocreate,act_error,12
node-030,casino-autocreate,skip,133
node-030,chat,log,13
node-030,concierge-expert,log,12
node-030,concierge-faq,drop,2
node-030,concierge-faq,log,10
node-030,concierge-intake,log,12
node-030,credit-warning,drop,9
node-030,credit-warning,skip,7
node-030,mail-triage,compile,4
node-030,mail-triage,summon,8
node-030,queue-backpressure,skip,4
node-030,queue-backpressure,summon,10
node-030,settlement-execute,execute_settlement,2
node-030,task-failures,compile,1
node-031,casino-autocreate,act,4
node-031,casino-autocreate,act_error,11
node-031,casino-autocreate,skip,132
node-031,chat,log,22
node-031,concierge-expert,log,22
node-031,concierge-faq,drop,4
node-031,concierge-faq,log,18
node-031,concierge-intake,log,22
node-031,credit-warning,drop,8
node-031,credit-warning,skip,5
node-031,mail-triage,compile,7
node-031,mail-triage,summon,15
node-031,queue-backpressure,skip,13
node-031,queue-backpressure,summon,11
node-031,task-failures,compile,3
node-032,casino-autocreate,act,4
node-032,casino-autocreate,act_error,12
node-032,casino-autocreate,skip,134
node-032,chat,log,20
node-032,concierge-expert,log,20
node-032,concierge-faq,drop,4
node-032,concierge-faq,log,16
node-032,concierge-intake,log,20
node-032,credit-warning,drop,4
node-032,mail-triage,compile,4
node-032,mail-triage,summon,16
node-032,queue-backpressure,skip,13
node-032,queue-backpressure,summon,11
node-033,casino-autocreate,act,1
node-033,casino-autocreate,act_error,14
node-033,casino-autocreate,skip,133
node-033,chat,log,8
node-033,concierge-expert,log,8
node-033,concierge-faq,drop,2
node-033,concierge-faq,log,6
node-033,concierge-intake,log,8
node-033,credit-warning,drop,2
node-033,credit-warning,skip,1
node-033,mail-triage,summon,8
node-033,queue-backpressure,skip,2
node-033,queue-backpressure,summon,6
node-034,casino-autocreate,act,3
node-034,casino-autocreate,act_error,12
node-034,casino-autocreate,skip,131
node-034,chat,log,4
node-034,concierge-expert,log,4
node-034,concierge-faq,drop,1
node-034,concierge-faq,log,3
node-034,concierge-intake,log,4
node-034,credit-warning,drop,1
node-034,credit-warning,skip,1
node-034,mail-triage,compile,1
node-034,mail-triage,summon,3
node-034,queue-backpressure,skip,1
node-034,queue-backpressure,summon,3
node-035,casino-autocreate,act,3
node-035,casino-autocreate,act_error,12
node-035,casino-autocreate,skip,132
node-035,chat,log,6
node-035,concierge-expert,log,6
node-035,concierge-faq,drop,3
node-035,concierge-faq,log,3
node-035,concierge-intake,log,6
node-035,credit-warning,drop,4
node-035,credit-warning,skip,2
node-035,mail-triage,compile,3
node-035,mail-triage,summon,3
node-035,queue-backpressure,skip,2
node-035,queue-backpressure,summon,4
node-036,casino-autocreate,act,1
node-036,casino-autocreate,act_error,15
node-036,casino-autocreate,skip,134
node-036,chat,log,4
node-036,concierge-expert,log,3
node-036,concierge-faq,log,3
node-036,concierge-intake,log,3
node-036,mail-triage,compile,1
node-036,mail-triage,summon,2
node-036,queue-backpressure,skip,2
node-036,queue-backpressure,summon,2
node-037,casino-autocreate,act,3
node-037,casino-autocreate,act_error,12
node-037,casino-autocreate,skip,132
node-037,chat,log,13
node-037,concierge-expert,log,13
node-037,concierge-faq,drop,2
node-037,concierge-faq,log,11
node-037,concierge-intake,log,13
node-037,credit-warning,drop,5
node-037,credit-warning,skip,2
node-037,mail-triage,compile,2
node-037,mail-triage,summon,11
node-037,queue-backpressure,skip,8
node-037,queue-backpressure,summon,9
node-038,casino-autocreate,act,1
node-038,casino-autocreate,act_error,14
node-038,casino-autocreate,skip,133
node-038,chat,log,1
node-038,concierge-expert,log,1
node-038,concierge-faq,log,1
node-038,concierge-intake,log,1
node-038,credit-warning,drop,6
node-038,credit-warning,skip,2
node-038,mail-triage,summon,1
node-038,queue-backpressure,summon,1
node-039,casino-autocreate,act_error,15
node-039,casino-autocreate,skip,133
node-039,chat,log,11
node-039,concierge-expert,log,11
node-039,concierge-faq,drop,3
node-039,concierge-faq,log,8
node-039,concierge-intake,log,11
node-039,credit-warning,drop,4
node-039,credit-warning,skip,1
node-039,mail-triage,compile,4
node-039,mail-triage,summon,7
node-039,queue-backpressure,skip,7
node-039,queue-backpressure,summon,7
node-040,casino-autocreate,act,1
node-040,casino-autocreate,act_error,15
node-040,casino-autocreate,skip,133
node-040,chat,log,10
node-040,concierge-expert,log,10
node-040,concierge-faq,log,10
node-040,concierge-intake,log,10
node-040,credit-warning,drop,3
node-040,credit-warning,skip,1
node-040,mail-triage,summon,10
node-040,queue-backpressure,skip,3
node-040,queue-backpressure,summon,8
node-041,casino-autocreate,act,2
node-041,casino-autocreate,act_error,13
node-041,casino-autocreate,skip,133
node-041,chat,log,4
node-041,concierge-expert,log,4
node-041,concierge-faq,drop,1
node-041,concierge-faq,log,3
node-041,concierge-intake,log,4
node-041,credit-warning,drop,1
node-041,credit-warning,skip,1
node-041,mail-triage,summon,4
node-041,queue-backpressure,summon,4
node-042,casino-autocreate,act,2
node-042,casino-autocreate,act_error,13
node-042,casino-autocreate,skip,133
node-042,chat,log,2
node-042,concierge-expert,log,2
node-042,concierge-faq,drop,1
node-042,concierge-faq,log,1
node-042,concierge-intake,log,2
node-042,credit-warning,drop,3
node-042,credit-warning,skip,1
node-042,mail-triage,compile,1
node-042,mail-triage,summon,1
node-042,queue-backpressure,summon,2
node-043,casino-autocreate,act_error,14
node-043,casino-autocreate,skip,126
node-043,chat,log,1
node-043,concierge-expert,log,1
node-043,concierge-faq,log,1
node-043,concierge-intake,log,1
node-043,credit-warning,drop,4
node-043,mail-triage,summon,1
node-043,queue-backpressure,skip,1
node-043,queue-backpressure,summon,1
node-044,casino-autocreate,act_error,14
node-044,casino-autocreate,skip,125
node-044,chat,log,7
node-044,concierge-expert,log,7
node-044,concierge-faq,log,7
node-044,concierge-intake,log,7
node-044,credit-warning,drop,3
node-044,credit-warning,skip,1
node-044,mail-triage,compile,1
node-044,mail-triage,summon,6
node-044,queue-backpressure,skip,5
node-044,queue-backpressure,summon,6
node-045,casino-autocreate,act,2
node-045,casino-autocreate,act_error,13
node-045,casino-autocreate,skip,133
node-045,chat,log,1
node-045,concierge-expert,log,1
node-045,concierge-faq,log,1
node-045,concierge-intake,log,1
node-045,credit-warning,drop,3
node-045,credit-warning,skip,1
node-045,mail-triage,summon,1
node-045,queue-backpressure,summon,1
node-047,casino-autocreate,act,3
node-047,casino-autocreate,act_error,12
node-047,casino-autocreate,skip,133
node-047,chat,log,5
node-047,concierge-expert,log,5
node-047,concierge-faq,drop,1
node-047,concierge-faq,log,4
node-047,concierge-intake,log,5
node-047,credit-warning,drop,5
node-047,credit-warning,skip,2
node-047,mail-triage,compile,2
node-047,mail-triage,summon,3
node-047,queue-backpressure,summon,5
node-048,casino-autocreate,act,3
node-048,casino-autocreate,act_error,12
node-048,casino-autocreate,skip,132
node-048,chat,log,7
node-048,concierge-expert,log,7
node-048,concierge-faq,drop,1
node-048,concierge-faq,log,6
node-048,concierge-intake,log,7
node-048,credit-warning,drop,4
node-048,mail-triage,summon,7
node-048,queue-backpressure,skip,2
node-048,queue-backpressure,summon,4
node-049,casino-autocreate,act,1
node-049,casino-autocreate,act_error,14
node-049,casino-autocreate,skip,133
node-049,chat,log,7
node-049,concierge-expert,log,7
node-049,concierge-faq,log,7
node-049,concierge-intake,log,7
node-049,credit-warning,drop,4
node-049,mail-triage,compile,3
node-049,mail-triage,summon,4
node-049,queue-backpressure,skip,2
node-049,queue-backpressure,summon,7
node-050,casino-autocreate,act_error,15
node-050,casino-autocreate,skip,126
node-050,chat,log,3
node-050,concierge-expert,log,3
node-050,concierge-faq,log,3
node-050,concierge-intake,log,3
node-050,credit-warning,drop,2
node-050,credit-warning,skip,1
node-050,mail-triage,compile,1
node-050,mail-triage,summon,2
node-050,queue-backpressure,summon,3
node-051,casino-autocreate,act,3
node-051,casino-autocreate,act_error,12
node-051,casino-autocreate,skip,126
node-051,chat,log,3
node-051,concierge-expert,log,3
node-051,concierge-faq,drop,1
node-051,concierge-faq,log,2
node-051,concierge-intake,log,3
node-051,credit-warning,drop,3
node-051,credit-warning,skip,1
node-051,mail-triage,compile,1
node-051,mail-triage,summon,2
node-051,queue-backpressure,skip,1
node-051,queue-backpressure,summon,3
node-052,casino-autocreate,act,2
node-052,casino-autocreate,act_error,13
node-052,casino-autocreate,skip,127
node-052,chat,log,2
node-052,concierge-expert,log,2
node-052,concierge-faq,log,2
node-052,concierge-intake,log,2
node-052,credit-warning,drop,3
node-052,mail-triage,summon,2
node-052,queue-backpressure,skip,1
node-052,queue-backpressure,summon,2
node-053,casino-autocreate,act_error,15
node-053,casino-autocreate,skip,133
node-053,chat,log,1
node-053,concierge-expert,log,1
node-053,concierge-faq,drop,1
node-053,concierge-intake,log,1
node-053,credit-warning,drop,1
node-053,credit-warning,skip,1
node-053,mail-triage,compile,1
node-053,queue-backpressure,summon,1
node-054,casino-autocreate,act,2
node-054,casino-autocreate,act_error,13
node-054,casino-autocreate,skip,133
node-054,chat,log,9
node-054,concierge-expert,log,9
node-054,concierge-faq,drop,1
node-054,concierge-faq,log,7
node-054,concierge-intake,log,8
node-054,credit-warning,drop,4
node-054,mail-triage,compile,1
node-054,mail-triage,summon,7
node-054,queue-backpressure,skip,5
node-054,queue-backpressure,summon,7
node-055,casino-autocreate,act,3
node-055,casino-autocreate,act_error,12
node-055,casino-autocreate,skip,128
node-055,credit-warning,drop,2
node-056,casino-autocreate,act,3
node-056,casino-autocreate,act_error,12
node-056,casino-autocreate,skip,133
node-056,chat,log,4
node-056,concierge-expert,log,4
node-056,concierge-faq,drop,1
node-056,concierge-faq,log,3
node-056,concierge-intake,log,4
node-056,credit-warning,drop,3
node-056,mail-triage,compile,2
node-056,mail-triage,summon,2
node-056,queue-backpressure,skip,1
node-056,queue-backpressure,summon,4
node-057,casino-autocreate,act,1
node-057,casino-autocreate,skip,10
node-057,chat,log,1
node-057,credit-warning,drop,1
node-057,credit-warning,skip,7
node-057,queue-backpressure,summon,1
node-058,casino-autocreate,act,1
node-058,casino-autocreate,skip,2
node-059,casino-autocreate,act,2
node-059,casino-autocreate,skip,20
node-059,chat,log,3
node-059,concierge-expert,log,2
node-059,concierge-faq,log,2
node-059,concierge-intake,log,2
node-059,credit-warning,drop,4
node-059,credit-warning,skip,55
node-059,mail-triage,summon,2
node-059,queue-backpressure,skip,1
node-059,queue-backpressure,summon,2
node-059,security-alert,drop,2
node-059,security-alert,skip,6
node-060,casino-autocreate,act,2
node-060,casino-autocreate,skip,18
node-060,chat,log,3
node-060,concierge-expert,log,2
node-060,concierge-faq,log,2
node-060,concierge-intake,log,2
node-060,credit-warning,drop,4
node-060,credit-warning,skip,43
node-060,mail-triage,compile,2
node-060,queue-backpressure,skip,2
node-060,queue-backpressure,summon,1
node-061,casino-autocreate,act,3
node-061,casino-autocreate,skip,138
node-061,chat,log,8
node-061,concierge-expert,log,8
node-061,concierge-faq,drop,2
node-061,concierge-faq,log,6
node-061,concierge-intake,log,8
node-061,credit-warning,drop,8
node-061,credit-warning,skip,248
node-061,mail-triage,compile,3
node-061,mail-triage,summon,5
node-061,queue-backpressure,skip,4
node-061,queue-backpressure,summon,6
node-061,security-alert,drop,4
node-061,security-alert,skip,242
node-062,casino-autocreate,act,4
node-062,casino-autocreate,act_error,12
node-062,casino-autocreate,skip,134
node-062,chat,log,19
node-062,concierge-expert,log,19
node-062,concierge-faq,drop,5
node-062,concierge-faq,log,14
node-062,concierge-intake,log,19
node-062,credit-warning,drop,4
node-062,credit-warning,skip,1
node-062,mail-triage,compile,5
node-062,mail-triage,summon,14
node-062,queue-backpressure,skip,10
node-062,queue-backpressure,summon,15
node-063,casino-autocreate,act,1
node-063,casino-autocreate,act_error,13
node-063,casino-autocreate,skip,126
node-063,chat,log,1
node-063,concierge-expert,log,1
node-063,concierge-faq,log,1
node-063,concierge-intake,log,1
node-063,credit-warning,drop,6
node-063,credit-warning,skip,1
node-063,mail-triage,summon,1
node-063,queue-backpressure,summon,1
node-064,casino-autocreate,act_error,15
node-064,casino-autocreate,skip,133
node-064,chat,log,4
node-064,concierge-expert,log,4
node-064,concierge-faq,log,4
node-064,concierge-intake,log,4
node-064,credit-warning,drop,2
node-064,mail-triage,compile,1
node-064,mail-triage,summon,3
node-064,queue-backpressure,summon,4
node-065,casino-autocreate,act,2
node-065,casino-autocreate,act_error,13
node-065,casino-autocreate,skip,132
node-065,chat,log,4
node-065,concierge-expert,log,4
node-065,concierge-faq,drop,1
node-065,concierge-faq,log,3
node-065,concierge-intake,log,4
node-065,credit-warning,drop,4
node-065,mail-triage,compile,1
node-065,mail-triage,summon,3
node-065,queue-backpressure,summon,4
node-066,casino-autocreate,act,1
node-066,casino-autocreate,act_error,14
node-066,casino-autocreate,skip,132
node-066,chat,log,2
node-066,concierge-expert,log,2
node-066,concierge-faq,drop,1
node-066,concierge-faq,log,1
node-066,concierge-intake,log,2
node-066,credit-warning,drop,2
node-066,mail-triage,compile,1
node-066,mail-triage,summon,1
node-066,queue-backpressure,summon,1
node-067,casino-autocreate,act,5
node-067,casino-autocreate,act_error,9
node-067,casino-autocreate,skip,126
node-067,chat,log,2
node-067,concierge-expert,log,2
node-067,concierge-faq,drop,1
node-067,concierge-faq,log,1
node-067,concierge-intake,log,2
node-067,credit-warning,drop,3
node-067,credit-warning,skip,1
node-067,mail-triage,summon,2
node-067,queue-backpressure,summon,1
node-068,casino-autocreate,act,2
node-068,casino-autocreate,act_error,13
node-068,casino-autocreate,skip,133
node-068,chat,log,3
node-068,concierge-expert,log,3
node-068,concierge-faq,log,3
node-068,concierge-intake,log,3
node-068,credit-warning,drop,5
node-068,mail-triage,summon,3
node-068,queue-backpressure,skip,1
node-068,queue-backpressure,summon,3
node-069,casino-autocreate,act,2
node-069,casino-autocreate,act_error,13
node-069,casino-autocreate,skip,132
node-069,chat,log,2
node-069,concierge-expert,log,2
node-069,concierge-faq,log,2
node-069,concierge-intake,log,2
node-069,credit-warning,drop,1
node-069,credit-warning,skip,1
node-069,mail-triage,summon,2
node-069,queue-backpressure,skip,1
node-069,queue-backpressure,summon,2
node-070,casino-autocreate,act,2
node-070,casino-autocreate,act_error,13
node-070,casino-autocreate,skip,133
node-070,chat,log,3
node-070,concierge-expert,log,3
node-070,concierge-faq,log,3
node-070,concierge-intake,log,3
node-070,credit-warning,drop,6
node-070,mail-triage,compile,1
node-070,mail-triage,summon,2
node-070,queue-backpressure,summon,3
node-071,casino-autocreate,act,2
node-071,casino-autocreate,act_error,13
node-071,casino-autocreate,skip,133
node-071,chat,log,3
node-071,concierge-expert,log,3
node-071,concierge-faq,log,3
node-071,concierge-intake,log,3
node-071,credit-warning,drop,2
node-071,mail-triage,compile,2
node-071,mail-triage,summon,1
node-071,queue-backpressure,skip,1
node-071,queue-backpressure,summon,2
node-072,casino-autocreate,act,3
node-072,casino-autocreate,act_error,12
node-072,casino-autocreate,skip,132
node-072,chat,log,2
node-072,concierge-expert,log,2
node-072,concierge-faq,log,2
node-072,concierge-intake,log,2
node-072,credit-warning,drop,5
node-072,credit-warning,skip,2
node-072,mail-triage,summon,2
node-072,queue-backpressure,summon,2
node-073,casino-autocreate,act,2
node-073,casino-autocreate,act_error,13
node-073,casino-autocreate,skip,132
node-073,chat,log,3
node-073,concierge-expert,log,3
node-073,concierge-faq,log,3
node-073,concierge-intake,log,3
node-073,credit-warning,drop,4
node-073,credit-warning,skip,1
node-073,mail-triage,compile,1
node-073,mail-triage,summon,2
node-073,queue-backpressure,skip,1
node-073,queue-backpressure,summon,3
node-074,casino-autocreate,act,2
node-074,casino-autocreate,act_error,13
node-074,casino-autocreate,skip,133
node-074,chat,log,2
node-074,concierge-expert,log,2
node-074,concierge-faq,log,2
node-074,concierge-intake,log,2
node-074,credit-warning,drop,4
node-074,mail-triage,compile,2
node-074,queue-backpressure,summon,2
node-075,casino-autocreate,act,2
node-075,casino-autocreate,act_error,13
node-075,casino-autocreate,skip,133
node-075,chat,log,1
node-075,concierge-expert,log,1
node-075,concierge-faq,log,1
node-075,concierge-intake,log,1
node-075,credit-warning,drop,2
node-075,mail-triage,summon,1
node-075,queue-backpressure,summon,1
node-077,casino-autocreate,act,2
node-077,casino-autocreate,act_error,13
node-077,casino-autocreate,skip,131
node-077,chat,log,2
node-077,concierge-expert,log,2
node-077,concierge-faq,log,2
node-077,concierge-intake,log,2
node-077,credit-warning,drop,1
node-077,mail-triage,summon,2
node-077,queue-backpressure,skip,1
node-077,queue-backpressure,summon,2
node-078,casino-autocreate,act,3
node-078,casino-autocreate,act_error,12
node-078,casino-autocreate,skip,131
node-078,chat,log,1
node-078,concierge-expert,log,1
node-078,concierge-faq,log,1
node-078,concierge-intake,log,1
node-078,credit-warning,drop,3
node-078,mail-triage,summon,1
node-078,queue-backpressure,summon,1
node-079,casino-autocreate,act,1
node-079,casino-autocreate,act_error,14
node-079,casino-autocreate,skip,131
node-079,chat,log,4
node-079,concierge-expert,log,4
node-079,concierge-faq,log,4
node-079,concierge-intake,log,4
node-079,credit-warning,drop,4
node-079,mail-triage,summon,4
node-079,queue-backpressure,skip,2
node-079,queue-backpressure,summon,3
node-082,casino-autocreate,act_error,15
node-082,casino-autocreate,skip,132
node-082,chat,log,7
node-082,concierge-expert,log,7
node-082,concierge-faq,log,6
node-082,concierge-intake,log,6
node-082,credit-warning,drop,6
node-082,mail-triage,compile,2
node-082,mail-triage,summon,4
node-082,queue-backpressure,skip,2
node-082,queue-backpressure,summon,5
node-083,casino-autocreate,act,2
node-083,casino-autocreate,act_error,13
node-083,casino-autocreate,skip,132
node-083,chat,log,1
node-083,concierge-expert,log,1
node-083,concierge-faq,log,1
node-083,concierge-intake,log,1
node-083,credit-warning,drop,7
node-083,credit-warning,skip,2
node-083,mail-triage,summon,1
node-083,queue-backpressure,summon,1
node-084,casino-autocreate,act_error,1
node-084,casino-autocreate,skip,6
node-084,chat,log,1
node-084,concierge-expert,log,1
node-084,concierge-faq,log,1
node-084,concierge-intake,log,1
node-084,mail-triage,summon,1
node-084,queue-backpressure,summon,1
node-085,casino-autocreate,act,1
node-085,casino-autocreate,act_error,14
node-085,casino-autocreate,skip,132
node-085,chat,log,1
node-085,concierge-expert,log,1
node-085,concierge-faq,log,1
node-085,concierge-intake,log,1
node-085,credit-warning,drop,1
node-085,credit-warning,skip,1
node-085,mail-triage,summon,1
node-085,queue-backpressure,skip,1
node-085,queue-backpressure,summon,1
node-086,casino-autocreate,act,2
node-086,casino-autocreate,act_error,13
node-086,casino-autocreate,skip,131
node-086,chat,log,1
node-086,concierge-expert,log,1
node-086,concierge-faq,log,1
node-086,concierge-intake,log,1
node-086,credit-warning,drop,3
node-086,credit-warning,skip,1
node-086,mail-triage,summon,1
node-086,queue-backpressure,summon,1
node-087,casino-autocreate,act_error,15
node-087,casino-autocreate,skip,132
node-087,chat,log,4
node-087,concierge-expert,log,4
node-087,concierge-faq,log,4
node-087,concierge-intake,log,4
node-087,credit-warning,drop,4
node-087,mail-triage,compile,1
node-087,mail-triage,summon,3
node-087,queue-backpressure,summon,3
node-088,casino-autocreate,act,2
node-088,casino-autocreate,act_error,13
node-088,casino-autocreate,skip,131
node-088,chat,log,4
node-088,concierge-expert,log,4
node-088,concierge-faq,log,4
node-088,concierge-intake,log,4
node-088,credit-warning,drop,5
node-088,credit-warning,skip,2
node-088,mail-triage,compile,1
node-088,mail-triage,summon,3
node-088,queue-backpressure,skip,1
node-088,queue-backpressure,summon,4
node-089,casino-autocreate,act_error,1
node-089,casino-autocreate,skip,5
node-090,casino-autocreate,act,1
node-090,casino-autocreate,act_error,14
node-090,casino-autocreate,skip,132
node-090,chat,log,4
node-090,concierge-expert,log,4
node-090,concierge-faq,log,4
node-090,concierge-intake,log,4
node-090,credit-warning,drop,2
node-090,credit-warning,skip,1
node-090,mail-triage,compile,2
node-090,mail-triage,summon,2
node-090,queue-backpressure,skip,1
node-090,queue-backpressure,summon,4
node-091,casino-autocreate,act,2
node-091,casino-autocreate,act_error,13
node-091,casino-autocreate,skip,131
node-091,chat,log,5
node-091,concierge-expert,log,5
node-091,concierge-faq,log,4
node-091,concierge-intake,log,4
node-091,credit-warning,drop,1
node-091,mail-triage,summon,4
node-091,queue-backpressure,skip,2
node-091,queue-backpressure,summon,4
node-092,casino-autocreate,act_error,1
node-092,casino-autocreate,skip,6
node-093,casino-autocreate,act,2
node-093,casino-autocreate,act_error,13
node-093,casino-autocreate,skip,131
node-093,credit-warning,drop,5
node-093,credit-warning,skip,1
node-094,casino-autocreate,act,1
node-094,casino-autocreate,act_error,14
node-094,casino-autocreate,skip,131
node-094,chat,log,4
node-094,concierge-expert,log,4
node-094,concierge-faq,log,4
node-094,concierge-intake,log,4
node-094,credit-warning,drop,3
node-094,credit-warning,skip,2
node-094,mail-triage,summon,4
node-094,queue-backpressure,summon,4
node-095,casino-autocreate,act,4
node-095,casino-autocreate,act_error,11
node-095,casino-autocreate,skip,131
node-095,chat,log,1
node-095,concierge-expert,log,1
node-095,concierge-faq,log,1
node-095,concierge-intake,log,1
node-095,credit-warning,drop,2
node-095,mail-triage,summon,1
node-095,queue-backpressure,skip,1
node-095,queue-backpressure,summon,1
node-096,casino-autocreate,act,3
node-096,casino-autocreate,act_error,12
node-096,casino-autocreate,skip,131
node-096,chat,log,2
node-096,concierge-expert,log,2
node-096,concierge-faq,log,2
node-096,concierge-intake,log,2
node-096,credit-warning,drop,4
node-096,mail-triage,compile,2
node-096,queue-backpressure,summon,2
node-097,casino-autocreate,act,1
node-097,casino-autocreate,act_error,14
node-097,casino-autocreate,skip,131
node-097,chat,log,3
node-097,concierge-expert,log,3
node-097,concierge-faq,log,3
node-097,concierge-intake,log,3
node-097,credit-warning,drop,7
node-097,credit-warning,skip,1
node-097,mail-triage,compile,1
node-097,mail-triage,summon,2
node-097,queue-backpressure,skip,1
node-097,queue-backpressure,summon,3
node-098,casino-autocreate,act,2
node-098,casino-autocreate,act_error,13
node-098,casino-autocreate,skip,130
node-098,chat,log,3
node-098,concierge-expert,log,3
node-098,concierge-faq,log,3
node-098,concierge-intake,log,3
node-098,credit-warning,drop,4
node-098,mail-triage,compile,1
node-098,mail-triage,summon,2
node-098,queue-backpressure,summon,3
node-099,casino-autocreate,act,3
node-099,casino-autocreate,act_error,12
node-099,casino-autocreate,skip,131
node-099,chat,log,3
node-099,concierge-expert,log,3
node-099,concierge-faq,log,3
node-099,concierge-intake,log,3
node-099,credit-warning,drop,2
node-099,mail-triage,summon,3
node-099,queue-backpressure,skip,1
node-099,queue-backpressure,summon,3
node-100,casino-autocreate,act_error,1
node-100,casino-autocreate,skip,6
node-101,casino-autocreate,act,2
node-101,casino-autocreate,act_error,11
node-101,casino-autocreate,skip,109
node-101,chat,log,3
node-101,concierge-expert,log,3
node-101,concierge-faq,log,3
node-101,concierge-intake,log,3
node-101,credit-warning,drop,1
node-101,mail-triage,compile,1
node-101,mail-triage,summon,2
node-101,queue-backpressure,summon,3
node-102,casino-autocreate,act_error,1
node-102,casino-autocreate,skip,6
node-103,casino-autocreate,act,4
node-103,casino-autocreate,act_error,11
node-103,casino-autocreate,skip,131
node-103,chat,log,1
node-103,concierge-expert,log,1
node-103,concierge-faq,log,1
node-103,concierge-intake,log,1
node-103,credit-warning,drop,4
node-103,credit-warning,skip,2
node-103,mail-triage,compile,1
node-103,queue-backpressure,skip,1
node-103,queue-backpressure,summon,1
node-104,casino-autocreate,act,1
node-104,casino-autocreate,act_error,14
node-104,casino-autocreate,skip,131
node-104,chat,log,3
node-104,concierge-expert,log,3
node-104,concierge-faq,log,3
node-104,concierge-intake,log,3
node-104,credit-warning,drop,3
node-104,mail-triage,summon,3
node-104,queue-backpressure,summon,2
node-105,casino-autocreate,act,1
node-105,casino-autocreate,act_error,14
node-105,casino-autocreate,skip,131
node-105,chat,log,2
node-105,concierge-expert,log,2
node-105,concierge-faq,log,2
node-105,concierge-intake,log,2
node-105,credit-warning,drop,5
node-105,credit-warning,skip,2
node-105,mail-triage,compile,1
node-105,mail-triage,summon,1
node-105,queue-backpressure,summon,2
node-106,casino-autocreate,act,2
node-106,casino-autocreate,act_error,13
node-106,casino-autocreate,skip,130
node-106,chat,log,2
node-106,concierge-expert,log,2
node-106,concierge-faq,log,2
node-106,concierge-intake,log,2
node-106,credit-warning,drop,2
node-106,mail-triage,summon,2
node-106,queue-backpressure,skip,1
node-106,queue-backpressure,summon,1
node-107,casino-autocreate,act,1
node-107,casino-autocreate,act_error,14
node-107,casino-autocreate,skip,132
node-107,chat,log,5
node-107,concierge-expert,log,5
node-107,concierge-faq,log,5
node-107,concierge-intake,log,5
node-107,credit-warning,drop,1
node-107,mail-triage,compile,2
node-107,mail-triage,summon,3
node-107,queue-backpressure,skip,1
node-107,queue-backpressure,summon,4
node-108,casino-autocreate,act,1
node-108,casino-autocreate,act_error,14
node-108,casino-autocreate,skip,131
node-108,chat,log,1
node-108,concierge-expert,log,1
node-108,concierge-faq,log,1
node-108,concierge-intake,log,1
node-108,credit-warning,drop,2
node-108,credit-warning,skip,1
node-108,mail-triage,compile,1
node-108,queue-backpressure,summon,1
node-109,casino-autocreate,act_error,1
node-109,casino-autocreate,skip,6
node-110,casino-autocreate,act_error,1
node-110,casino-autocreate,skip,5
node-111,casino-autocreate,act,4
node-111,casino-autocreate,act_error,11
node-111,casino-autocreate,skip,130
node-111,chat,log,1
node-111,concierge-expert,log,1
node-111,concierge-faq,log,1
node-111,concierge-intake,log,1
node-111,credit-warning,drop,1
node-111,mail-triage,compile,1
node-111,queue-backpressure,summon,1
node-112,casino-autocreate,act,4
node-112,casino-autocreate,act_error,12
node-112,casino-autocreate,skip,132
node-112,chat,log,13
node-112,concierge-expert,log,13
node-112,concierge-faq,drop,4
node-112,concierge-faq,log,9
node-112,concierge-intake,log,13
node-112,credit-warning,drop,6
node-112,mail-triage,summon,13
node-112,queue-backpressure,summon,1
node-113,casino-autocreate,act,3
node-113,casino-autocreate,act_error,12
node-113,casino-autocreate,skip,129
node-113,chat,log,1
node-113,concierge-expert,log,1
node-113,concierge-faq,log,1
node-113,concierge-intake,log,1
node-113,credit-warning,drop,5
node-113,mail-triage,summon,1
node-114,casino-autocreate,act_error,1
node-114,casino-autocreate,skip,6
node-115,casino-autocreate,act,3
node-115,casino-autocreate,act_error,12
node-115,casino-autocreate,skip,129
node-115,chat,log,3
node-115,concierge-expert,log,3
node-115,concierge-faq,compile,1
node-115,concierge-faq,drop,1
node-115,concierge-faq,log,1
node-115,concierge-intake,log,3
node-115,credit-warning,drop,5
node-115,mail-triage,summon,3
node-116,casino-autocreate,act,1
node-116,casino-autocreate,act_error,14
node-116,casino-autocreate,skip,129
node-116,chat,log,2
node-116,concierge-expert,log,2
node-116,concierge-faq,drop,1
node-116,concierge-faq,log,1
node-116,concierge-intake,log,2
node-116,credit-warning,drop,5
node-116,credit-warning,skip,1
node-116,mail-triage,compile,1
node-116,mail-triage,summon,1
node-116,queue-backpressure,summon,1
node-117,casino-autocreate,act,2
node-117,casino-autocreate,act_error,13
node-117,casino-autocreate,skip,130
node-117,chat,log,3
node-117,concierge-expert,log,3
node-117,concierge-faq,drop,1
node-117,concierge-faq,log,2
node-117,concierge-intake,log,3
node-117,credit-warning,drop,5
node-117,credit-warning,skip,1
node-117,mail-triage,summon,3
node-117,queue-backpressure,summon,1
node-118,casino-autocreate,act,4
node-118,casino-autocreate,act_error,11
node-118,casino-autocreate,skip,129
node-118,chat,log,3
node-118,concierge-expert,log,3
node-118,concierge-faq,drop,2
node-118,concierge-faq,log,1
node-118,concierge-intake,log,3
node-118,credit-warning,drop,7
node-118,credit-warning,skip,1
node-118,mail-triage,summon,3
node-118,queue-backpressure,summon,1
node-119,casino-autocreate,act_error,15
node-119,casino-autocreate,skip,131
node-119,credit-warning,drop,1
node-120,casino-autocreate,act,2
node-120,casino-autocreate,act_error,13
node-120,casino-autocreate,skip,129
node-120,chat,log,5
node-120,concierge-expert,log,5
node-120,concierge-faq,drop,5
node-120,concierge-intake,log,5
node-120,credit-warning,drop,4
node-120,credit-warning,skip,1
node-120,mail-triage,summon,5
node-120,queue-backpressure,summon,1
node-121,casino-autocreate,act,2
node-121,casino-autocreate,act_error,12
node-121,casino-autocreate,skip,124
node-121,chat,log,3
node-121,concierge-expert,log,3
node-121,concierge-faq,drop,1
node-121,concierge-faq,log,2
node-121,concierge-intake,log,3
node-121,credit-warning,drop,5
node-121,credit-warning,skip,1
node-121,mail-triage,compile,1
node-121,mail-triage,summon,2
node-121,queue-backpressure,summon,1
node-122,casino-autocreate,act,1
node-122,casino-autocreate,act_error,14
node-122,casino-autocreate,skip,128
node-122,chat,log,2
node-122,concierge-expert,log,2
node-122,concierge-faq,log,2
node-122,concierge-intake,log,2
node-122,credit-warning,drop,5
node-122,credit-warning,skip,2
node-122,mail-triage,summon,2
node-123,casino-autocreate,act,1
node-123,casino-autocreate,act_error,13
node-123,casino-autocreate,skip,125
node-123,chat,log,1
node-123,concierge-expert,log,1
node-123,concierge-faq,drop,1
node-123,concierge-intake,log,1
node-123,credit-warning,drop,7
node-123,credit-warning,skip,3
node-123,mail-triage,summon,1
node-124,casino-autocreate,act,2
node-124,casino-autocreate,act_error,13
node-124,casino-autocreate,skip,128
node-124,chat,log,3
node-124,concierge-expert,log,3
node-124,concierge-faq,log,3
node-124,concierge-intake,log,3
node-124,credit-warning,drop,6
node-124,credit-warning,skip,2
node-124,mail-triage,summon,3
node-124,queue-backpressure,summon,1
node-125,casino-autocreate,act,1
node-125,casino-autocreate,act_error,14
node-125,casino-autocreate,skip,129
node-125,chat,log,3
node-125,concierge-expert,log,3
node-125,concierge-faq,drop,1
node-125,concierge-faq,log,2
node-125,concierge-intake,log,3
node-125,credit-warning,drop,7
node-125,credit-warning,skip,3
node-125,mail-triage,summon,3
node-126,casino-autocreate,act,3
node-126,casino-autocreate,act_error,12
node-126,casino-autocreate,skip,129
node-126,chat,log,2
node-126,concierge-expert,log,2
node-126,concierge-faq,drop,1
node-126,concierge-faq,log,1
node-126,concierge-intake,log,2
node-126,credit-warning,drop,5
node-126,credit-warning,skip,2
node-126,mail-triage,summon,2
node-127,casino-autocreate,act,2
node-127,casino-autocreate,act_error,13
node-127,casino-autocreate,skip,128
node-127,chat,log,3
node-127,concierge-expert,log,3
node-127,concierge-faq,drop,1
node-127,concierge-faq,log,2
node-127,concierge-intake,log,3
node-127,credit-warning,drop,6
node-127,credit-warning,skip,4
node-127,mail-triage,summon,3
node-127,queue-backpressure,summon,1
node-128,casino-autocreate,act,2
node-128,casino-autocreate,act_error,13
node-128,casino-autocreate,skip,129
node-128,chat,log,1
node-128,concierge-expert,log,1
node-128,concierge-faq,log,1
node-128,concierge-intake,log,1
node-128,credit-warning,drop,8
node-128,credit-warning,skip,6
node-128,mail-triage,compile,1
node-129,casino-autocreate,act,3
node-129,casino-autocreate,act_error,12
node-129,casino-autocreate,skip,129
node-129,chat,log,4
node-129,concierge-expert,log,4
node-129,concierge-faq,drop,2
node-129,concierge-faq,log,2
node-129,concierge-intake,log,4
node-129,credit-warning,drop,8
node-129,credit-warning,skip,1
node-129,mail-triage,compile,1
node-129,mail-triage,summon,3
node-129,queue-backpressure,summon,1
node-130,casino-autocreate,act,4
node-130,casino-autocreate,act_error,11
node-130,casino-autocreate,skip,128
node-130,chat,log,5
node-130,concierge-expert,log,5
node-130,concierge-faq,drop,3
node-130,concierge-faq,log,2
node-130,concierge-intake,log,5
node-130,credit-warning,drop,9
node-130,credit-warning,skip,5
node-130,mail-triage,compile,1
node-130,mail-triage,summon,4
node-131,casino-autocreate,act_error,16
node-131,casino-autocreate,skip,132
node-131,chat,log,4
node-131,concierge-expert,log,4
node-131,concierge-faq,drop,2
node-131,concierge-faq,log,2
node-131,concierge-intake,log,4
node-131,credit-warning,drop,2
node-131,mail-triage,summon,4
node-131,queue-backpressure,summon,1
node-132,casino-autocreate,act,3
node-132,casino-autocreate,act_error,12
node-132,casino-autocreate,skip,128
node-132,chat,log,1
node-132,concierge-expert,log,1
node-132,concierge-faq,log,1
node-132,concierge-intake,log,1
node-132,credit-warning,drop,6
node-132,credit-warning,skip,3
node-132,mail-triage,summon,1
node-133,casino-autocreate,act,3
node-133,casino-autocreate,act_error,12
node-133,casino-autocreate,skip,129
node-133,chat,log,2
node-133,concierge-expert,log,2
node-133,concierge-faq,drop,1
node-133,concierge-faq,log,1
node-133,concierge-intake,log,2
node-133,credit-warning,drop,7
node-133,credit-warning,skip,1
node-133,mail-triage,summon,2
node-134,casino-autocreate,act_error,15
node-134,casino-autocreate,skip,128
node-134,chat,log,4
node-134,concierge-expert,log,4
node-134,concierge-faq,drop,2
node-134,concierge-faq,log,2
node-134,concierge-intake,log,4
node-134,credit-warning,drop,5
node-134,credit-warning,skip,4
node-134,mail-triage,summon,4
node-134,queue-backpressure,summon,2
node-135,casino-autocreate,act,2
node-135,casino-autocreate,act_error,13
node-135,casino-autocreate,skip,129
node-135,chat,log,4
node-135,concierge-expert,log,4
node-135,concierge-faq,drop,2
node-135,concierge-faq,log,2
node-135,concierge-intake,log,4
node-135,credit-warning,drop,5
node-135,credit-warning,skip,3
node-135,mail-triage,compile,2
node-135,mail-triage,summon,2
node-136,casino-autocreate,act,2
node-136,casino-autocreate,act_error,13
node-136,casino-autocreate,skip,129
node-136,chat,log,1
node-136,concierge-expert,log,1
node-136,concierge-faq,drop,1
node-136,concierge-intake,log,1
node-136,credit-warning,drop,5
node-136,credit-warning,skip,1
node-136,mail-triage,summon,1
node-137,casino-autocreate,act_error,15
node-137,casino-autocreate,skip,129
node-137,chat,log,6
node-137,concierge-expert,log,6
node-137,concierge-faq,drop,3
node-137,concierge-faq,log,3
node-137,concierge-intake,log,6
node-137,credit-warning,drop,3
node-137,credit-warning,skip,1
node-137,mail-triage,summon,6
node-138,casino-autocreate,act,1
node-138,casino-autocreate,act_error,14
node-138,casino-autocreate,skip,129
node-138,chat,log,5
node-138,concierge-expert,log,5
node-138,concierge-faq,drop,4
node-138,concierge-faq,log,1
node-138,concierge-intake,log,5
node-138,credit-warning,drop,6
node-138,credit-warning,skip,1
node-138,mail-triage,summon,5
node-139,casino-autocreate,act,6
node-139,casino-autocreate,act_error,9
node-139,casino-autocreate,skip,128
node-139,chat,log,6
node-139,concierge-expert,log,6
node-139,concierge-faq,drop,1
node-139,concierge-faq,log,5
node-139,concierge-intake,log,6
node-139,credit-warning,drop,4
node-139,credit-warning,skip,2
node-139,mail-triage,compile,1
node-139,mail-triage,summon,5
node-139,queue-backpressure,summon,2
node-140,casino-autocreate,act,1
node-140,casino-autocreate,act_error,14
node-140,casino-autocreate,skip,131
node-140,chat,log,5
node-140,concierge-expert,log,5
node-140,concierge-faq,drop,3
node-140,concierge-faq,log,2
node-140,concierge-intake,log,5
node-140,credit-warning,drop,1
node-140,mail-triage,summon,5
node-141,casino-autocreate,act_error,15
node-141,casino-autocreate,skip,128
node-141,chat,log,5
node-141,concierge-expert,log,5
node-141,concierge-faq,drop,1
node-141,concierge-faq,log,4
node-141,concierge-intake,log,5
node-141,credit-warning,drop,7
node-141,credit-warning,skip,5
node-141,mail-triage,summon,5
node-141,queue-backpressure,summon,1
node-142,casino-autocreate,act,2
node-142,casino-autocreate,act_error,13
node-142,casino-autocreate,skip,129
node-142,chat,log,5
node-142,concierge-expert,log,5
node-142,concierge-faq,drop,4
node-142,concierge-faq,log,1
node-142,concierge-intake,log,5
node-142,credit-warning,drop,4
node-142,credit-warning,skip,4
node-142,mail-triage,compile,1
node-142,mail-triage,summon,4
node-143,casino-autocreate,act,2
node-143,casino-autocreate,act_error,13
node-143,casino-autocreate,skip,129
node-143,chat,log,7
node-143,concierge-expert,log,7
node-143,concierge-faq,drop,3
node-143,concierge-faq,log,4
node-143,concierge-intake,log,7
node-143,credit-warning,drop,3
node-143,credit-warning,skip,1
node-143,mail-triage,compile,1
node-143,mail-triage,summon,6
node-143,queue-backpressure,summon,1
node-144,casino-autocreate,act,1
node-144,casino-autocreate,act_error,13
node-144,casino-autocreate,skip,123
node-144,chat,log,3
node-144,concierge-expert,log,3
node-144,concierge-faq,drop,1
node-144,concierge-faq,log,2
node-144,concierge-intake,log,3
node-144,credit-warning,drop,6
node-144,credit-warning,skip,4
node-144,mail-triage,summon,3
node-145,casino-autocreate,act,3
node-145,casino-autocreate,act_error,12
node-145,casino-autocreate,skip,127
node-145,chat,log,5
node-145,concierge-expert,log,5
node-145,concierge-faq,drop,4
node-145,concierge-faq,log,1
node-145,concierge-intake,log,5
node-145,credit-warning,drop,7
node-145,credit-warning,skip,4
node-145,mail-triage,compile,2
node-145,mail-triage,summon,3
node-145,queue-backpressure,summon,1
node-146,casino-autocreate,act,4
node-146,casino-autocreate,act_error,11
node-146,casino-autocreate,skip,125
node-146,chat,log,8
node-146,concierge-expert,log,8
node-146,concierge-faq,drop,2
node-146,concierge-faq,log,5
node-146,concierge-intake,log,7
node-146,credit-warning,drop,6
node-146,credit-warning,skip,2
node-146,mail-triage,compile,3
node-146,mail-triage,summon,4
node-147,casino-autocreate,act,1
node-147,casino-autocreate,act_error,14
node-147,casino-autocreate,skip,128
node-147,chat,log,6
node-147,concierge-expert,log,6
node-147,concierge-faq,drop,2
node-147,concierge-faq,log,4
node-147,concierge-intake,log,6
node-147,credit-warning,drop,5
node-147,credit-warning,skip,1
node-147,mail-triage,compile,1
node-147,mail-triage,summon,5
node-147,queue-backpressure,summon,1
node-148,casino-autocreate,act,2
node-148,casino-autocreate,act_error,13
node-148,casino-autocreate,skip,128
node-148,chat,log,6
node-148,concierge-expert,log,6
node-148,concierge-faq,drop,1
node-148,concierge-faq,log,5
node-148,concierge-intake,log,6
node-148,credit-warning,drop,7
node-148,credit-warning,skip,4
node-148,mail-triage,compile,2
node-148,mail-triage,summon,4
node-148,queue-backpressure,summon,1
node-149,casino-autocreate,act,4
node-149,casino-autocreate,act_error,11
node-149,casino-autocreate,skip,126
node-149,chat,log,5
node-149,concierge-expert,log,5
node-149,concierge-faq,drop,2
node-149,concierge-faq,log,3
node-149,concierge-intake,log,5
node-149,credit-warning,drop,6
node-149,credit-warning,skip,2
node-149,mail-triage,compile,1
node-149,mail-triage,summon,4
node-150,casino-autocreate,act,2
node-150,casino-autocreate,act_error,13
node-150,casino-autocreate,skip,127
node-150,chat,log,10
node-150,concierge-expert,log,10
node-150,concierge-faq,drop,3
node-150,concierge-faq,log,7
node-150,concierge-intake,log,10
node-150,credit-warning,drop,8
node-150,credit-warning,skip,1
node-150,mail-triage,compile,1
node-150,mail-triage,summon,9
node-150,queue-backpressure,summon,1
